,timestamp,timezone,humidity,pm_10,pm_2_5,temperature
0,2021-08-16 07:00:00,Asia/Bangkok,97.71206555,6.419446416,5.979461756,24.2209452
1,2021-08-17 07:00:00,Asia/Bangkok,95.92287373,9.716750539,9.14229249,24.80774302
2,2021-08-18 07:00:00,Asia/Bangkok,87.29167185,8.607476636,7.901869159,26.34660069
3,2021-08-19 07:00:00,Asia/Bangkok,86.1241307,11.83213256,10.98955331,27.06205366
4,2021-08-20 07:00:00,Asia/Bangkok,89.5328741,8.965864175,8.201077199,26.20893804
5,2021-08-21 07:00:00,Asia/Bangkok,88.54577381,8.184399712,7.487243981,26.16349124
6,2021-08-22 07:00:00,Asia/Bangkok,80.81750033,9.803597122,9.045323741,28.0713423
7,2021-08-23 07:00:00,Asia/Bangkok,82.08360131,8.666187567,7.958692529,27.90717972
8,2021-08-24 07:00:00,Asia/Bangkok,75.49896066,9.086237873,8.357527848,29.70798435
9,2021-08-25 07:00:00,Asia/Bangkok,86.82851799,6.45212383,5.906047516,26.9480107
10,2021-08-26 07:00:00,Asia/Bangkok,81.05873882,5.928314121,5.548270893,28.35954106
11,2021-08-27 07:00:00,Asia/Bangkok,79.31595493,6.736520489,6.330219188,28.29211041
12,2021-08-28 07:00:00,Asia/Bangkok,85.98652272,9.673631124,9.140850144,27.11230513
13,2021-08-29 07:00:00,Asia/Bangkok,82.11652225,4.637832017,4.280330223,27.28849959
14,2021-08-30 07:00:00,Asia/Bangkok,89.66436898,6.077725801,5.590075512,25.89882297
15,2021-08-31 07:00:00,Asia/Bangkok,81.86187125,9.051420352,8.529665588,27.51912873
16,2021-09-01 07:00:00,Asia/Bangkok,84.92443371,14.04689755,13.24287261,27.34430174
17,2021-09-02 07:00:00,Asia/Bangkok,83.3580688,15.79231046,14.97700323,27.48627095
18,2021-09-03 07:00:00,Asia/Bangkok,81.78280382,22.04204096,20.65109594,27.91787461
19,2021-09-04 07:00:00,Asia/Bangkok,86.92388204,11.8200144,11.08744153,26.91762081
20,2021-09-05 07:00:00,Asia/Bangkok,81.13763542,3.976258993,3.589568345,27.65616803
21,2021-09-06 07:00:00,Asia/Bangkok,86.61448754,7.199279279,6.56592219,26.58633549
22,2021-09-07 07:00:00,Asia/Bangkok,83.55169888,6.930600503,6.414958648,27.47621432
23,2021-09-08 07:00:00,Asia/Bangkok,82.40078678,8.565983459,7.914450036,27.59313063
24,2021-09-09 07:00:00,Asia/Bangkok,84.15039158,13.57225225,12.79682997,27.50957241
25,2021-09-10 07:00:00,Asia/Bangkok,91.24429793,3.863930886,3.539236861,25.38448499
26,2021-09-11 07:00:00,Asia/Bangkok,90.39980265,3.912621359,3.44751977,25.77261938
27,2021-09-12 07:00:00,Asia/Bangkok,83.95003261,4.959205776,4.561213434,26.64054346
28,2021-09-13 07:00:00,Asia/Bangkok,84.06170894,7.233405483,6.591417238,26.87597136
29,2021-09-14 07:00:00,Asia/Bangkok,77.18762677,6.475179856,5.854728515,28.91200917
30,2021-09-15 07:00:00,Asia/Bangkok,92.25400612,22.64067553,20.58010057,24.71360509
31,2021-09-16 07:00:00,Asia/Bangkok,88.26696983,7.885322755,7.406926407,26.72433493
32,2021-09-17 07:00:00,Asia/Bangkok,91.24531011,6.066112717,5.63777537,25.96511134
33,2021-09-18 07:00:00,Asia/Bangkok,88.77814117,4.926523297,4.534767025,26.24336742
34,2021-09-19 07:00:00,Asia/Bangkok,83.06975168,6.159403219,5.636435022,27.77769884
35,2021-09-20 07:00:00,Asia/Bangkok,80.57000796,8.147068906,7.511141584,28.25221234
36,2021-09-21 07:00:00,Asia/Bangkok,83.92956356,10.70083102,9.890235457,26.91071312
37,2021-09-22 07:00:00,Asia/Bangkok,83.57023788,4.822006472,4.305425799,27.08015312
38,2021-09-23 07:00:00,Asia/Bangkok,89.91863486,3.340876437,2.973788151,25.9780205
39,2021-09-24 07:00:00,Asia/Bangkok,91.39619262,4.200651938,3.787033683,25.59033025
40,2021-09-25 07:00:00,Asia/Bangkok,85.07707745,7.56481149,7.046645138,27.37393089
41,2021-09-26 07:00:00,Asia/Bangkok,84.28564506,5.014033825,4.552517986,26.82008866
42,2021-09-27 07:00:00,Asia/Bangkok,92.34658792,1.826258993,1.55,24.74906818
43,2021-09-28 07:00:00,Asia/Bangkok,92.08159623,2.85041352,2.471413161,24.94871408
44,2021-09-29 07:00:00,Asia/Bangkok,85.40684252,8.793078587,8.245854362,26.41223048
45,2021-09-30 07:00:00,Asia/Bangkok,81.2717251,13.19490309,12.42657092,27.9845969
46,2021-10-01 07:00:00,Asia/Bangkok,79.21831339,14.54947823,13.64365336,28.66701439
47,2021-10-02 07:00:00,Asia/Bangkok,91.42010248,12.30794224,11.43161314,25.53886824
48,2021-10-03 07:00:00,Asia/Bangkok,91.5951454,8.644012945,8.008270406,25.3222407
49,2021-10-04 07:00:00,Asia/Bangkok,84.2102015,6.862900324,6.364519611,27.17429377
50,2021-10-05 07:00:00,Asia/Bangkok,84.13307388,12.71479885,11.94969457,27.21742056
51,2021-10-06 07:00:00,Asia/Bangkok,79.3880167,15.00179986,14.19359482,27.8050937
52,2021-10-07 07:00:00,Asia/Bangkok,77.0080678,13.72292191,12.91765552,28.93168186
53,2021-10-08 07:00:00,Asia/Bangkok,82.08026102,15.14023732,14.25215827,27.52295216
54,2021-10-09 07:00:00,Asia/Bangkok,78.54426156,24.51995685,23.20028767,28.30780739
55,2021-10-10 07:00:00,Asia/Bangkok,76.59801764,29.76737486,27.72318215,28.94805823
56,2021-10-11 07:00:00,Asia/Bangkok,83.63251175,19.35716865,18.00578035,27.51388501
57,2021-10-12 07:00:00,Asia/Bangkok,85.04344638,9.589863408,9.016534867,26.32355568
58,2021-10-13 07:00:00,Asia/Bangkok,84.87551325,3.613112392,3.216060497,26.14148885
59,2021-10-14 07:00:00,Asia/Bangkok,80.69601081,11.47824524,10.62567422,27.35770356
60,2021-10-15 07:00:00,Asia/Bangkok,79.46190733,14.64211283,13.72286125,26.64876549
61,2021-10-16 07:00:00,Asia/Bangkok,85.89858832,2.371716445,2.113227894,24.80489134
62,2021-10-17 07:00:00,Asia/Bangkok,88.1960788,0.918705036,0.76607977,24.31009438
63,2021-10-18 07:00:00,Asia/Bangkok,79.47564922,2.790438533,2.392882818,24.72299257
64,2021-10-19 07:00:00,Asia/Bangkok,79.08416362,7.43700504,6.750269881,26.41371681
65,2021-10-20 07:00:00,Asia/Bangkok,87.04209898,10.73238925,10.12273057,25.54147465
66,2021-10-21 07:00:00,Asia/Bangkok,86.83986178,13.16131335,12.39957189,26.66492439
67,2021-10-22 07:00:00,Asia/Bangkok,84.25200336,5.384005764,4.921886249,26.94210285
68,2021-10-23 07:00:00,Asia/Bangkok,85.67041818,4.690882135,4.224157095,26.43878809
69,2021-10-24 07:00:00,Asia/Bangkok,91.1357852,2.436580238,2.149614576,24.39046748
70,2021-10-25 07:00:00,Asia/Bangkok,86.91330315,9.041189112,8.490329513,25.18010416
71,2021-10-26 07:00:00,Asia/Bangkok,84.35438983,12.74710983,12.09067919,25.20213574
72,2021-10-27 07:00:00,Asia/Bangkok,81.71707178,23.88717765,22.56104547,26.04545331
73,2021-10-28 07:00:00,Asia/Bangkok,80.05641949,21.73563636,20.40581818,27.15281286
74,2021-10-29 07:00:00,Asia/Bangkok,80.44825586,11.77725801,10.98272138,26.97565894
75,2021-10-30 07:00:00,Asia/Bangkok,84.53518458,20.2878518,18.88279302,26.19520992
76,2021-10-31 07:00:00,Asia/Bangkok,90.32232411,8.158878505,7.616241466,25.16522821
77,2021-11-01 07:00:00,Asia/Bangkok,85.70915275,9.614085519,9.056773266,26.47195351
78,2021-11-02 07:00:00,Asia/Bangkok,85.07285981,4.986216902,4.576351106,26.25437257
79,2021-11-03 07:00:00,Asia/Bangkok,85.49271307,6.154889365,5.76302641,26.23623524
80,2021-11-04 07:00:00,Asia/Bangkok,84.18283447,13.00668502,12.20322327,26.76575872
81,2021-11-05 07:00:00,Asia/Bangkok,83.45072492,13.66294562,12.68178546,26.26562846
82,2021-11-06 07:00:00,Asia/Bangkok,82.03254324,14.30654001,13.33455077,26.43163974
83,2021-11-07 07:00:00,Asia/Bangkok,80.62576728,15.22971336,14.26766249,27.06715033
84,2021-11-08 07:00:00,Asia/Bangkok,82.22774503,17.65411682,16.70699965,26.78937692
85,2021-11-09 07:00:00,Asia/Bangkok,82.63572514,23.00162127,21.76636423,26.93258134
86,2021-11-10 07:00:00,Asia/Bangkok,86.38019319,23.4087517,21.87516961,25.53582
87,2021-11-11 07:00:00,Asia/Bangkok,82.77042534,20.73081081,19.39985591,25.84106887
88,2021-11-12 07:00:00,Asia/Bangkok,80.71526512,20.03883149,18.58084046,26.50461056
89,2021-11-13 07:00:00,Asia/Bangkok,80.04196586,20.08052231,19.00797969,26.8463154
90,2021-11-14 07:00:00,Asia/Bangkok,83.73744452,22.24140508,21.09529148,24.93435409
91,2021-11-15 07:00:00,Asia/Bangkok,84.26720125,29.93328419,27.39513454,24.37442435
92,2021-11-16 07:00:00,Asia/Bangkok,81.6271129,30.91841235,28.35268185,25.71680979
93,2021-11-17 07:00:00,Asia/Bangkok,77.64124456,26.67007435,24.7036693,26.77873296
94,2021-11-18 07:00:00,Asia/Bangkok,80.35989921,26.10103499,24.34334975,26.23876728
95,2021-11-19 07:00:00,Asia/Bangkok,87.13497316,29.54936461,27.38153395,24.91113432
96,2021-11-20 07:00:00,Asia/Bangkok,77.61494319,24.84546271,22.73686574,26.98527611
97,2021-11-21 07:00:00,Asia/Bangkok,77.75294786,30.21050025,26.91728579,27.72779204
98,2021-11-22 07:00:00,Asia/Bangkok,79.13920628,20.54670094,19.36188437,26.66752742
99,2021-11-23 07:00:00,Asia/Bangkok,75.93027252,8.900873138,7.834273987,22.87717911
100,2021-11-24 07:00:00,Asia/Bangkok,75.53127151,16.32458354,14.89399293,25.89566893
101,2021-11-25 07:00:00,Asia/Bangkok,73.09001692,19.58584859,18.16229589,27.11555873
102,2021-11-26 07:00:00,Asia/Bangkok,80.44887141,25.50115154,24.28038674,25.86374964
103,2021-11-27 07:00:00,Asia/Bangkok,93.26565339,21.29575472,19.91603774,23.83855797
104,2021-11-28 07:00:00,Asia/Bangkok,78.78779765,10.39714108,9.740211311,25.52969988
105,2021-11-29 07:00:00,Asia/Bangkok,93.7674881,14.59150327,13.71405229,21.63041186
106,2021-11-30 07:00:00,Asia/Bangkok,88.60175077,22.2086514,20.90585242,23.34621067
107,2021-12-01 07:00:00,Asia/Bangkok,80.70193739,28.68085106,27.05633803,25.87940964
108,2021-12-02 07:00:00,Asia/Bangkok,76.43515718,27.00841852,24.75706554,21.73681954
109,2021-12-03 07:00:00,Asia/Bangkok,71.55446259,29.69023569,26.73448773,23.46450635
110,2021-12-04 07:00:00,Asia/Bangkok,70.64701123,24.37484737,22.70260374,22.62486741
111,2021-12-05 07:00:00,Asia/Bangkok,76.68242928,30.15410323,27.51949499,20.73118941
112,2021-12-06 07:00:00,Asia/Bangkok,72.28961457,28.38442478,25.30442478,20.17779573
113,2021-12-07 07:00:00,Asia/Bangkok,70.88941178,31.27855153,27.97111034,19.96721168
114,2021-12-08 07:00:00,Asia/Bangkok,77.4244913,46.4078026,38.5921974,20.18752646
115,2021-12-09 07:00:00,Asia/Bangkok,79.03733976,49.87902145,41.23391421,20.77401674
116,2021-12-10 07:00:00,Asia/Bangkok,79.27107227,36.09976951,31.59276316,21.41844057
117,2021-12-11 07:00:00,Asia/Bangkok,81.20027106,27.24863476,25.12238998,21.89060568
118,2021-12-12 07:00:00,Asia/Bangkok,78.47353902,24.63642909,23.15082793,23.33268863
119,2021-12-13 07:00:00,Asia/Bangkok,78.98672912,27.08375819,24.90826356,23.01251438
120,2021-12-14 07:00:00,Asia/Bangkok,79.32565696,29.28357143,26.41205851,22.1049002
121,2021-12-15 07:00:00,Asia/Bangkok,79.51751412,29.74459654,27.01691256,21.84110601
122,2021-12-16 07:00:00,Asia/Bangkok,79.67076565,32.93273056,29.57757685,21.34792011
123,2021-12-17 07:00:00,Asia/Bangkok,77.68736765,26.52087833,24.25989921,21.64756216
124,2021-12-18 07:00:00,Asia/Bangkok,70.44455386,21.92429704,19.98630137,22.07507451
125,2021-12-19 07:00:00,Asia/Bangkok,70.27481076,26.79891892,24.76216216,23.5346153
126,2021-12-20 07:00:00,Asia/Bangkok,70.68307359,37.86697909,32.68324324,21.87476776
127,2021-12-21 07:00:00,Asia/Bangkok,75.04417876,39.66414687,33.61079137,19.94836026
128,2021-12-22 07:00:00,Asia/Bangkok,77.35198151,42.3314121,35.50756484,20.18414307
129,2021-12-23 07:00:00,Asia/Bangkok,76.40529361,40.4199494,34.39934948,20.52897025
130,2021-12-24 07:00:00,Asia/Bangkok,77.00592509,45.40193966,38.09978464,21.58367478
131,2021-12-25 07:00:00,Asia/Bangkok,77.45260662,44.95070169,37.78041757,22.36040711
132,2021-12-26 07:00:00,Asia/Bangkok,79.79004762,53.03670385,43.52320979,22.45831188
133,2021-12-27 07:00:00,Asia/Bangkok,82.23554801,48.71202304,40.51061533,22.78519411
134,2021-12-28 07:00:00,Asia/Bangkok,79.88581607,35.60071942,31.63705036,23.38924323
135,2021-12-29 07:00:00,Asia/Bangkok,77.82838208,24.73640619,22.867843,22.91906048
136,2021-12-30 07:00:00,Asia/Bangkok,75.51517789,20.83021583,19.08956835,23.30652752
137,2021-12-31 07:00:00,Asia/Bangkok,78.66965479,18.28854467,17.12207418,23.2920476
138,2022-01-01 07:00:00,Asia/Bangkok,77.73728747,29.35202377,26.03157504,23.47345842
139,2022-01-02 07:00:00,Asia/Bangkok,76.84407092,26.84089273,24.93304536,23.56776337
140,2022-01-03 07:00:00,Asia/Bangkok,76.0687996,23.66223022,22.08453237,22.47723607
141,2022-01-04 07:00:00,Asia/Bangkok,74.90731875,22.24621485,20.49981982,22.17556947
142,2022-01-05 07:00:00,Asia/Bangkok,75.92592256,22.19985596,20.77457688,21.98270827
143,2022-01-06 07:00:00,Asia/Bangkok,75.60497981,19.4257995,18.19475386,21.96106182
144,2022-01-07 07:00:00,Asia/Bangkok,71.33973372,14.98018018,13.95459459,21.92413482
145,2022-01-08 07:00:00,Asia/Bangkok,74.07384545,27.58131987,25.30389329,22.4545381
146,2022-01-09 07:00:00,Asia/Bangkok,75.65098921,25.48434689,23.47355164,22.51576448
147,2022-01-10 07:00:00,Asia/Bangkok,73.18603053,16.90666667,15.76792793,22.21748378
148,2022-01-11 07:00:00,Asia/Bangkok,72.21080793,17.34737221,16.16552717,21.99479604
149,2022-01-12 07:00:00,Asia/Bangkok,70.01129243,20.61372619,19.21372126,22.66904847
150,2022-01-13 07:00:00,Asia/Bangkok,71.31979072,42.16792793,36.07567568,24.34567207
151,2022-01-14 07:00:00,Asia/Bangkok,74.77885217,41.22466643,35.54489722,23.71658944
152,2022-01-15 07:00:00,Asia/Bangkok,76.77336707,46.6537077,39.18394528,23.67797588
153,2022-01-16 07:00:00,Asia/Bangkok,77.15118452,47.54850343,39.85255948,24.32254701
154,2022-01-17 07:00:00,Asia/Bangkok,86.98421312,15.57251082,14.49386724,22.039238
155,2022-01-18 07:00:00,Asia/Bangkok,77.52583277,17.98164807,16.1705036,23.22626167
156,2022-01-19 07:00:00,Asia/Bangkok,80.19408774,27.67532468,24.61016949,22.82439984
157,2022-01-20 07:00:00,Asia/Bangkok,83.3563401,32.32095204,29.39675676,21.55833259
158,2022-01-21 07:00:00,Asia/Bangkok,83.49397051,29.48073461,27.44184372,21.72065723
159,2022-01-22 07:00:00,Asia/Bangkok,84.65473945,22.4445245,20.27537797,21.17135316
160,2022-01-23 07:00:00,Asia/Bangkok,74.79906042,15.29460432,13.98274002,21.00083183
161,2022-01-24 07:00:00,Asia/Bangkok,70.1048755,20.26928623,18.42826244,20.12144642
162,2022-01-25 07:00:00,Asia/Bangkok,70.08505691,27.12207418,24.17752971,20.72885929
163,2022-01-26 07:00:00,Asia/Bangkok,67.40885521,16.16618705,14.70323741,21.25271731
164,2022-01-27 07:00:00,Asia/Bangkok,70.67949299,22.50144092,20.50738207,21.226864
165,2022-01-28 07:00:00,Asia/Bangkok,69.50634936,19.82733813,18.20439007,21.30346613
166,2022-01-29 07:00:00,Asia/Bangkok,68.49864843,18.65046796,17.04965815,22.18059599
167,2022-01-30 07:00:00,Asia/Bangkok,65.0732577,16.39452844,14.96939143,22.64982413
168,2022-01-31 07:00:00,Asia/Bangkok,63.0710642,20.29420238,18.23470122,20.72056271
169,2022-02-01 07:00:00,Asia/Bangkok,63.24252516,26.12338129,23.54512765,19.77804505
170,2022-02-02 07:00:00,Asia/Bangkok,60.41864033,22.44664744,20.00468637,20.66517837
171,2022-02-03 07:00:00,Asia/Bangkok,56.87341624,16.78242075,15.16744689,22.0470924
172,2022-02-04 07:00:00,Asia/Bangkok,57.59044508,19.08992806,17.50125854,21.70754878
173,2022-02-05 07:00:00,Asia/Bangkok,65.30822292,35.58713618,31.02048886,24.38936675
174,2022-02-06 07:00:00,Asia/Bangkok,84.91465424,27.27419935,25.23965455,22.74145372
175,2022-02-07 07:00:00,Asia/Bangkok,82.92163329,22.82217423,21.5649982,22.46732186
176,2022-02-08 07:00:00,Asia/Bangkok,68.31126424,12.67806986,11.78689705,23.02657291
177,2022-02-09 07:00:00,Asia/Bangkok,66.02897476,12.9989197,11.9388049,21.67130634
178,2022-02-10 07:00:00,Asia/Bangkok,61.19764796,17.32338129,15.76123697,21.91528476
179,2022-02-11 07:00:00,Asia/Bangkok,55.24087966,18.07722844,16.60786436,22.00336595
180,2022-02-12 07:00:00,Asia/Bangkok,59.75525141,30.57297297,27.72144144,23.35657724
181,2022-02-13 07:00:00,Asia/Bangkok,59.74541443,35.302267,31.38611011,23.48126122
182,2022-02-14 07:00:00,Asia/Bangkok,52.19440699,37.50577201,32.43181818,22.95838762
183,2022-02-15 07:00:00,Asia/Bangkok,59.02745944,49.71336207,41.25,24.26083842
184,2022-02-16 07:00:00,Asia/Bangkok,70.23339565,40.17837838,34.94990991,25.72015763
185,2022-02-17 07:00:00,Asia/Bangkok,70.66149041,33.13781936,30.05973372,26.5472946
186,2022-02-18 07:00:00,Asia/Bangkok,79.02656774,39.62437096,35.27174694,25.59240841
187,2022-02-19 07:00:00,Asia/Bangkok,80.81171807,23.30650377,21.5418613,26.46573829
188,2022-02-20 07:00:00,Asia/Bangkok,93.56441031,24.93304536,23.36537077,22.85143247
189,2022-02-21 07:00:00,Asia/Bangkok,70.29467093,20.75323741,19.33309353,24.3562278
190,2022-02-22 07:00:00,Asia/Bangkok,63.56780723,35.3574514,31.33957508,25.27102686
191,2022-02-23 07:00:00,Asia/Bangkok,70.36640481,41.52446043,35.14557872,24.80557279
192,2022-02-24 07:00:00,Asia/Bangkok,67.54506266,44.26346223,37.14925913,24.58792311
193,2022-02-25 07:00:00,Asia/Bangkok,67.06132621,37.65395683,32.70550162,24.12761087
194,2022-02-26 07:00:00,Asia/Bangkok,65.39868757,44.79833755,37.6288399,24.59630038
195,2022-02-27 07:00:00,Asia/Bangkok,66.85912953,57.46018651,46.56312769,24.98469728
196,2022-02-28 07:00:00,Asia/Bangkok,60.42878081,60.84394103,49.04746494,25.93471007
197,2022-03-01 07:00:00,Asia/Bangkok,59.92080889,63.551341,51.38873995,26.90138837
198,2022-03-02 07:00:00,Asia/Bangkok,55.99146998,66.03656716,53.7079448,26.94573575
199,2022-03-03 07:00:00,Asia/Bangkok,61.17427341,69.21536939,58.28519618,27.12992523
200,2022-03-04 07:00:00,Asia/Bangkok,62.13955404,66.70666667,55.70317003,27.9462499
201,2022-03-05 07:00:00,Asia/Bangkok,60.77886157,69.61599424,59.02951764,28.13664573
202,2022-03-06 07:00:00,Asia/Bangkok,60.43861532,57.31698521,47.41341991,28.46192933
203,2022-03-07 07:00:00,Asia/Bangkok,57.17256,52.43617404,43.21603163,29.50384231
204,2022-03-08 07:00:00,Asia/Bangkok,70.25249101,49.15677814,42.41136282,28.12035082
205,2022-03-09 07:00:00,Asia/Bangkok,76.07183677,26.69981982,24.85045045,26.4105045
206,2022-03-10 07:00:00,Asia/Bangkok,73.33349603,41.37914863,35.55627706,28.10899453
207,2022-03-11 07:00:00,Asia/Bangkok,65.64402265,46.33261183,38.97077922,29.94614934
208,2022-03-12 07:00:00,Asia/Bangkok,70.50654456,54.20713256,44.4328412,29.40008237
209,2022-03-13 07:00:00,Asia/Bangkok,67.1828168,49.48955331,41.01368383,29.8876413
210,2022-03-14 07:00:00,Asia/Bangkok,65.03968007,52.24982001,42.96400288,30.55516485
211,2022-03-15 07:00:00,Asia/Bangkok,63.94165351,49.93944888,41.32596084,30.34162689
212,2022-03-16 07:00:00,Asia/Bangkok,68.52308338,45.25263924,38.15185725,28.71869046
213,2022-03-17 07:00:00,Asia/Bangkok,74.96718453,56.43581446,45.93062545,27.9462581
214,2022-03-18 07:00:00,Asia/Bangkok,59.02154719,57.01803752,46.49422799,29.81927217
215,2022-03-19 07:00:00,Asia/Bangkok,64.21807691,65.04682997,52.34257925,28.23465612
216,2022-03-20 07:00:00,Asia/Bangkok,67.71053418,52.04571634,42.75845932,27.21580085
217,2022-03-21 07:00:00,Asia/Bangkok,62.94248607,43.73612112,37.02234234,29.16627646
218,2022-03-22 07:00:00,Asia/Bangkok,68.18380473,18.57467532,17.20295602,29.20937816
219,2022-03-23 07:00:00,Asia/Bangkok,78.82129796,12.17391304,11.54222063,27.37731171
220,2022-03-24 07:00:00,Asia/Bangkok,76.01445818,11.31142241,10.50071839,27.6230091
221,2022-03-25 07:00:00,Asia/Bangkok,65.91236208,29.48719798,26.48972232,28.46759743
222,2022-03-26 07:00:00,Asia/Bangkok,64.78271579,42.01551227,35.92171717,28.36246776
223,2022-03-27 07:00:00,Asia/Bangkok,56.84649264,46.38040346,38.64746129,29.36576345
224,2022-03-28 07:00:00,Asia/Bangkok,64.05686431,56.34762248,45.754683,28.60428338
225,2022-03-29 07:00:00,Asia/Bangkok,65.25457779,64.33826715,53.96570397,28.82112578
226,2022-03-30 07:00:00,Asia/Bangkok,73.54020912,50.94881038,43.2935879,27.8804837
227,2022-03-31 07:00:00,Asia/Bangkok,63.62728588,59.03705036,47.80035971,29.3497756
228,2022-04-01 07:00:00,Asia/Bangkok,60.15038764,59.93261261,48.94022326,29.98767725
229,2022-04-02 07:00:00,Asia/Bangkok,72.85154306,42.22846847,36.32432432,28.06804816
230,2022-04-03 07:00:00,Asia/Bangkok,85.19194865,4.166666667,3.791216703,20.73191129
231,2022-04-04 07:00:00,Asia/Bangkok,65.70699475,5.341981982,4.897657658,23.44762876
232,2022-04-05 07:00:00,Asia/Bangkok,65.66051739,25.18365142,22.57148001,26.43123508
233,2022-04-06 07:00:00,Asia/Bangkok,63.8089064,36.18194894,31.4264653,28.16752992
234,2022-04-07 07:00:00,Asia/Bangkok,72.04485893,59.67910177,49.57892831,27.23508991
235,2022-04-08 07:00:00,Asia/Bangkok,89.99048562,70.33213902,60.40809746,23.15220037
236,2022-04-09 07:00:00,Asia/Bangkok,78.05146959,81.65463732,74.44752975,26.32830594
237,2022-04-10 07:00:00,Asia/Bangkok,72.25373568,67.94284687,58.16319195,27.76076048
238,2022-04-11 07:00:00,Asia/Bangkok,70.18649395,60.6084446,48.94911584,28.0691375
239,2022-04-12 07:00:00,Asia/Bangkok,71.16792909,57.89902633,47.09632035,27.40637092
240,2022-04-13 07:00:00,Asia/Bangkok,67.76121169,61.05007205,50.87608069,28.75074401
241,2022-04-14 07:00:00,Asia/Bangkok,64.76938732,71.54902772,63.22249793,29.24799507
242,2022-04-15 07:00:00,Asia/Bangkok,68.06605561,74.14698447,63.13749549,29.5199913
243,2022-04-16 07:00:00,Asia/Bangkok,66.90001461,61.11219336,50.64190408,30.43677908
244,2022-04-17 07:00:00,Asia/Bangkok,62.46480354,60.54643629,49.67662946,30.78908343
245,2022-04-18 07:00:00,Asia/Bangkok,63.45120676,50.13496052,41.42893037,30.31532511
246,2022-04-19 07:00:00,Asia/Bangkok,75.87662522,33.85431918,29.43134383,27.58285807
247,2022-04-20 07:00:00,Asia/Bangkok,83.29091406,17.05784526,15.9681966,25.40200092
248,2022-04-21 07:00:00,Asia/Bangkok,77.4017998,18.91224189,17.74935496,26.08047441
249,2022-04-22 07:00:00,Asia/Bangkok,84.93260308,25.66486486,23.81081081,24.80349481
250,2022-04-23 07:00:00,Asia/Bangkok,75.52932903,31.12549729,28.53417722,27.66676452
251,2022-04-24 07:00:00,Asia/Bangkok,70.39037438,33.67099567,30.01153153,29.23191809
252,2022-04-25 07:00:00,Asia/Bangkok,68.78468307,37.83855856,33,30.64665114
253,2022-04-26 07:00:00,Asia/Bangkok,65.70946892,43.35277178,36.52987761,31.49822669
254,2022-04-27 07:00:00,Asia/Bangkok,75.85303941,45.2352518,37.66246851,29.06644408
255,2022-04-28 07:00:00,Asia/Bangkok,69.10076278,49.46870504,40.62446043,30.46924395
256,2022-04-29 07:00:00,Asia/Bangkok,66.69558102,45.93646209,38.3631769,31.02715319
257,2022-04-30 07:00:00,Asia/Bangkok,72.27373334,42.95746215,36.3702235,29.98566938
258,2022-05-01 07:00:00,Asia/Bangkok,72.74324837,28.48329141,25.67396768,28.69499788
259,2022-05-02 07:00:00,Asia/Bangkok,75.19221806,27.53340517,25.37284483,28.08013252
260,2022-05-03 07:00:00,Asia/Bangkok,76.00358643,18.21237337,16.99168174,26.42394647
261,2022-05-04 07:00:00,Asia/Bangkok,71.99455243,20.56229686,19.21812929,26.58111302
262,2022-05-05 07:00:00,Asia/Bangkok,68.18161101,31.48920086,28.33297336,28.00193757
263,2022-05-06 07:00:00,Asia/Bangkok,68.24990179,36.62238267,31.73800072,28.83820705
264,2022-05-07 07:00:00,Asia/Bangkok,78.22078748,23.57591057,21.14780101,27.50034105
265,2022-05-08 07:00:00,Asia/Bangkok,85.9574401,7.328772056,6.874324811,25.91350972
266,2022-05-09 07:00:00,Asia/Bangkok,84.52599435,4.802019473,4.398918919,26.71515729
267,2022-05-10 07:00:00,Asia/Bangkok,79.30908402,9.36036036,8.718558559,28.31764175
268,2022-05-11 07:00:00,Asia/Bangkok,83.63956147,3.515118397,3.191187181,26.96989663
269,2022-05-12 07:00:00,Asia/Bangkok,88.73793549,4.521352313,4.075800712,26.63489148
270,2022-05-13 07:00:00,Asia/Bangkok,88.85765483,9.612554113,8.774449657,26.95008864
271,2022-05-14 07:00:00,Asia/Bangkok,81.16387302,17.45984876,16.00684192,28.45503992
272,2022-05-15 07:00:00,Asia/Bangkok,79.3761028,10.67867435,9.626349892,28.7164467
273,2022-05-16 07:00:00,Asia/Bangkok,80.96035007,16.08551724,14.59034483,28.84634422
274,2022-05-17 07:00:00,Asia/Bangkok,76.38895962,15.01329501,13.70283866,29.39225143
275,2022-05-18 07:00:00,Asia/Bangkok,82.53692841,6.304379038,5.742734123,27.22862293
276,2022-05-19 07:00:00,Asia/Bangkok,93.56812965,6.737522442,6.163734291,25.51722333
277,2022-05-20 07:00:00,Asia/Bangkok,91.48323728,9.684852836,9.006460876,25.9989421
278,2022-05-21 07:00:00,Asia/Bangkok,95.41097116,3.997094079,3.666545587,24.68499611
279,2022-05-22 07:00:00,Asia/Bangkok,97.3758563,4.149603461,3.828828829,24.12852247
280,2022-05-23 07:00:00,Asia/Bangkok,81.56070333,16.38594595,14.80612613,27.55758985
281,2022-05-24 07:00:00,Asia/Bangkok,78.94674232,11.98992806,10.58554996,27.76413962
282,2022-05-25 07:00:00,Asia/Bangkok,83.35129632,7.874685817,7.048456569,26.87649249
283,2022-05-26 07:00:00,Asia/Bangkok,75.97602036,13.90830636,12.42307692,28.15649945
284,2022-05-27 07:00:00,Asia/Bangkok,74.79578504,21.56705119,18.87103746,28.3519317
285,2022-05-28 07:00:00,Asia/Bangkok,86.79842575,17.03511948,15.38255519,26.32074623
286,2022-05-29 07:00:00,Asia/Bangkok,76.73058757,26.59798995,24.28212491,28.79847927
287,2022-05-30 07:00:00,Asia/Bangkok,82.48200065,19.05340502,17.26164875,27.45965516
288,2022-05-31 07:00:00,Asia/Bangkok,75.4725292,20.38240575,18.57019749,29.2549543
289,2022-06-01 07:00:00,Asia/Bangkok,84.06476997,13.20711974,12.04205607,27.20182312
290,2022-06-02 07:00:00,Asia/Bangkok,83.30187575,11.01721664,10.05380201,27.2607669
291,2022-06-03 07:00:00,Asia/Bangkok,75.98599831,15.47648115,13.83955492,28.56988492
292,2022-06-04 07:00:00,Asia/Bangkok,72.17267695,9.917862267,8.791965567,29.30019143
293,2022-06-05 07:00:00,Asia/Bangkok,77.939986,4.436017254,3.883938196,27.56856527
294,2022-06-06 07:00:00,Asia/Bangkok,81.36218852,3.464157706,3.024731183,27.55612803
295,2022-06-07 07:00:00,Asia/Bangkok,75.14773536,2.885775862,2.500718391,28.74506802
296,2022-06-08 07:00:00,Asia/Bangkok,74.81162022,2.098632109,1.745860331,28.21013161
297,2022-06-09 07:00:00,Asia/Bangkok,72.18585867,3.211925287,2.721982759,28.17012256
298,2022-06-10 07:00:00,Asia/Bangkok,76.41958989,6.711979914,6.054499821,27.96929928
299,2022-06-11 07:00:00,Asia/Bangkok,74.36973865,11.44116589,10.28571429,28.26249288
300,2022-06-12 07:00:00,Asia/Bangkok,74.94533357,8.843886463,7.885371179,27.85917527
301,2022-06-13 07:00:00,Asia/Bangkok,72.56077591,7.252964427,6.480789946,28.42560843
302,2022-06-14 07:00:00,Asia/Bangkok,78.24383838,18.15293271,16.61353005,27.93768355
303,2022-06-15 07:00:00,Asia/Bangkok,77.53333533,20.48329141,18.75889328,28.6061231
304,2022-06-16 07:00:00,Asia/Bangkok,85.44979796,14.4025974,13.24413992,26.57041128
305,2022-06-17 07:00:00,Asia/Bangkok,84.66013027,8.763138949,7.974442045,26.93999826
306,2022-06-18 07:00:00,Asia/Bangkok,89.5005215,3.824586628,3.394822006,25.93424128
307,2022-06-19 07:00:00,Asia/Bangkok,86.96852749,11.16990641,9.858171346,26.62020107
308,2022-06-20 07:00:00,Asia/Bangkok,78.50251172,6.572710952,5.862118492,28.08364277
309,2022-06-21 07:00:00,Asia/Bangkok,80.53965956,3.451485858,3.037593985,27.72459015
310,2022-06-22 07:00:00,Asia/Bangkok,77.27020939,2.363734291,2.022262118,28.27271464
311,2022-06-23 07:00:00,Asia/Bangkok,73.7887902,4.285662954,3.787432675,29.1816411
312,2022-06-24 07:00:00,Asia/Bangkok,79.40653728,4.78212491,4.286073223,28.10280695
313,2022-06-25 07:00:00,Asia/Bangkok,83.10230152,4.33441092,3.849856322,27.39617697
314,2022-06-26 07:00:00,Asia/Bangkok,76.53896457,36.10963336,35.46836808,28.57495456
315,2022-06-27 07:00:00,Asia/Bangkok,77.70511688,78.98776538,78.53292551,28.3597296
316,2022-06-28 07:00:00,Asia/Bangkok,78.06201381,159.9791816,159.2395983,27.97210174
317,2022-06-29 07:00:00,Asia/Bangkok,82.11955966,106.5017934,106.0344456,27.75769325
318,2022-06-30 07:00:00,Asia/Bangkok,83.00056373,134.0546173,133.3954741,28.37448301
319,2022-07-01 07:00:00,Asia/Bangkok,93.59262646,6.572453372,5.97275009,25.8631564
320,2022-07-02 07:00:00,Asia/Bangkok,91.1462699,4.129356809,3.70545977,26.11575506
321,2022-07-03 07:00:00,Asia/Bangkok,86.68100438,4.547550432,4.051854519,26.9905417
322,2022-07-04 07:00:00,Asia/Bangkok,85.5247554,2.350719424,1.977697842,27.24123013
323,2022-07-05 07:00:00,Asia/Bangkok,78.87111696,2.854368932,2.464940669,28.97375924
324,2022-07-06 07:00:00,Asia/Bangkok,81.0672014,2.122800718,1.755292429,28.58828889
325,2022-07-07 07:00:00,Asia/Bangkok,87.83676958,2.36281913,2.00395399,27.07722457
326,2022-07-08 07:00:00,Asia/Bangkok,93.28958413,1.509325681,1.223019003,25.32539833
327,2022-07-09 07:00:00,Asia/Bangkok,88.74191759,2.578776978,2.284430061,26.01147156
328,2022-07-10 07:00:00,Asia/Bangkok,82.04257861,2.570607258,2.247933884,27.96560718
329,2022-07-11 07:00:00,Asia/Bangkok,86.99250632,2.958363245,2.606963388,26.4728742
330,2022-07-12 07:00:00,Asia/Bangkok,89.34830498,4.290334172,3.86094143,26.15778553
331,2022-07-13 07:00:00,Asia/Bangkok,83.9207925,4.500540151,4.016924739,28.24209349
332,2022-07-14 07:00:00,Asia/Bangkok,91.32600909,4.09375,3.613644524,25.52711815
333,2022-07-15 07:00:00,Asia/Bangkok,91.99723726,2.047362756,1.793684966,26.13969523
334,2022-07-16 07:00:00,Asia/Bangkok,87.30812328,1.750269493,1.489759253,27.25138507
335,2022-07-17 07:00:00,Asia/Bangkok,82.33825592,4.180186648,3.73689878,28.79204271
336,2022-07-18 07:00:00,Asia/Bangkok,82.62991197,3.365687679,2.900823487,28.49328678
337,2022-07-19 07:00:00,Asia/Bangkok,77.57107074,6.659352518,5.839928058,30.12832794
338,2022-07-20 07:00:00,Asia/Bangkok,81.23636002,5.324605452,4.622803872,28.86926068
339,2022-07-21 07:00:00,Asia/Bangkok,88.90313641,6.222341568,5.689111748,27.04369077
340,2022-07-22 07:00:00,Asia/Bangkok,88.58059613,4.656115108,4.278417266,26.82286408
341,2022-07-23 07:00:00,Asia/Bangkok,93.32355735,2.121898598,1.883495146,25.28233078
342,2022-07-24 07:00:00,Asia/Bangkok,89.34542486,0.915199425,0.743175287,26.12601761
343,2022-07-25 07:00:00,Asia/Bangkok,85.44994722,3.644340974,3.260744986,26.83996726
344,2022-07-26 07:00:00,Asia/Bangkok,85.0095644,6.683794466,6.156306144,26.7314063
345,2022-07-27 07:00:00,Asia/Bangkok,77.69110017,9.032639885,8.380423091,29.15392878
346,2022-07-28 07:00:00,Asia/Bangkok,75.11588162,11.01326165,10.27230383,29.90481266
347,2022-07-29 07:00:00,Asia/Bangkok,72.25881891,11.34818541,10.67505392,30.46617676
348,2022-07-30 07:00:00,Asia/Bangkok,81.91740884,17.67229002,16.54737976,28.66802685
349,2022-07-31 07:00:00,Asia/Bangkok,85.85266094,11.18828602,10.42184693,27.14000126
350,2022-08-01 07:00:00,Asia/Bangkok,91.29400402,5.081867145,4.611270639,25.48052772
351,2022-08-02 07:00:00,Asia/Bangkok,86.81403206,8.099066762,7.558865757,27.43729383
352,2022-08-03 07:00:00,Asia/Bangkok,88.93966993,4.979533214,4.574506284,26.71530076
353,2022-08-04 07:00:00,Asia/Bangkok,77.91935455,2.912903226,2.608243728,28.85116186
354,2022-08-05 07:00:00,Asia/Bangkok,80.53272594,1.873112868,1.565061107,28.22070005
355,2022-08-06 07:00:00,Asia/Bangkok,87.65042747,2.573635057,2.201149425,26.58153804
356,2022-08-07 07:00:00,Asia/Bangkok,89.47415907,1.757630162,1.491921005,26.29513818
357,2022-08-08 07:00:00,Asia/Bangkok,89.5860363,2.717820007,2.419505199,26.29136925
358,2022-08-09 07:00:00,Asia/Bangkok,93.68781192,2.077725801,1.841064365,24.77165967
359,2022-08-10 07:00:00,Asia/Bangkok,88.43444068,2.443406396,2.122844828,26.18906912
360,2022-08-11 07:00:00,Asia/Bangkok,85.96819916,1.70448833,1.426058866,26.77371873
361,2022-08-12 07:00:00,Asia/Bangkok,88.30799419,4.367816092,3.820761494,26.80409043
362,2022-08-13 07:00:00,Asia/Bangkok,94.56187095,2.151885099,1.843087971,24.44155868
363,2022-08-14 07:00:00,Asia/Bangkok,87.49804635,3.917562724,3.384587814,26.67775873
364,2022-08-15 07:00:00,Asia/Bangkok,81.56755822,5.930725054,5.220667384,28.32419802
365,2022-08-16 07:00:00,Asia/Bangkok,92.41019871,4.248922414,3.714798851,25.82780809
366,2022-08-17 07:00:00,Asia/Bangkok,90.72602498,2.91160618,2.591382406,26.47874095
367,2022-08-18 07:00:00,Asia/Bangkok,86.4127297,0.857142857,0.696806602,26.33606354
368,2022-08-19 07:00:00,Asia/Bangkok,77.53255465,2.011490126,1.655655296,28.1139053
369,2022-08-20 07:00:00,Asia/Bangkok,83.44103218,4.986681066,4.332973362,27.50740127
370,2022-08-21 07:00:00,Asia/Bangkok,83.00552146,9.848887294,8.776462146,28.29054414
371,2022-08-22 07:00:00,Asia/Bangkok,91.58486483,8.713052859,7.877111031,26.02734029
372,2022-08-23 07:00:00,Asia/Bangkok,92.54285322,3.101615799,2.682813061,25.90723591
373,2022-08-24 07:00:00,Asia/Bangkok,88.75353032,3.44653349,2.967685076,26.3627483
374,2022-08-25 07:00:00,Asia/Bangkok,81.74400518,2.820954431,2.475951184,28.16470717
375,2022-08-26 07:00:00,Asia/Bangkok,95.89626552,9.820043103,9.103807471,25.0202816
376,2022-08-27 07:00:00,Asia/Bangkok,90.17144528,6.028376437,5.526939655,26.15225798
377,2022-08-28 07:00:00,Asia/Bangkok,85.62108055,2.410688141,2.061127379,26.69870857
378,2022-08-29 07:00:00,Asia/Bangkok,79.29133821,3.618637993,3.206810036,28.27689207
379,2022-08-30 07:00:00,Asia/Bangkok,79.62924659,8.798924731,8.155499821,28.4048529
380,2022-08-31 07:00:00,Asia/Bangkok,76.47999906,8.502875629,7.954316547,28.94251514
381,2022-09-01 07:00:00,Asia/Bangkok,79.61751679,9.015456506,8.320992092,28.29593824
382,2022-09-02 07:00:00,Asia/Bangkok,84.40067814,11.22983148,10.45878136,27.27270802
383,2022-09-03 07:00:00,Asia/Bangkok,78.14635331,13.11462451,12.32482932,29.39442588
384,2022-09-04 07:00:00,Asia/Bangkok,79.57328274,10.38685345,9.653500898,28.9778918
385,2022-09-05 07:00:00,Asia/Bangkok,86.74616304,123.8470082,123.2511645,27.61740292
386,2022-09-06 07:00:00,Asia/Bangkok,95.83286992,3331.57318,3331.573694,25.1335476
387,2022-09-07 07:00:00,Asia/Bangkok,83.54877512,3331.359914,3331.360503,27.45098459
388,2022-09-08 07:00:00,Asia/Bangkok,82.05155185,3331.515043,3331.515043,26.80409216
389,2022-09-09 07:00:00,Asia/Bangkok,89.04129476,3331.436422,3331.436422,25.99559412
390,2022-09-10 07:00:00,Asia/Bangkok,92.00485048,3331.758111,3331.759006,24.97664448
391,2022-09-11 07:00:00,Asia/Bangkok,93.98501807,3331.604601,3331.604601,25.11473238
392,2022-09-12 07:00:00,Asia/Bangkok,95.42087085,3331.615412,3331.615412,24.5352612
393,2022-09-13 07:00:00,Asia/Bangkok,97.19167025,3331.589863,3331.590876,23.95913072
394,2022-09-14 07:00:00,Asia/Bangkok,93.96350956,3331.715623,3331.715623,24.95484677
395,2022-09-15 07:00:00,Asia/Bangkok,88.55207039,3331.831477,3331.826868,26.3834522
396,2022-09-16 07:00:00,Asia/Bangkok,83.24509276,3331.604376,3331.604376,27.77054658
397,2022-09-17 07:00:00,Asia/Bangkok,82.72913582,3331.414809,3331.414809,27.24574595
398,2022-09-18 07:00:00,Asia/Bangkok,87.21123448,3331.989224,3331.989224,26.87544183
399,2022-09-19 07:00:00,Asia/Bangkok,89.62886712,3331.249008,3331.249639,26.23500325
400,2022-09-20 07:00:00,Asia/Bangkok,85.05965967,3331.587262,3331.590288,27.46526747
401,2022-09-21 07:00:00,Asia/Bangkok,85.52222235,3331.737182,3331.737182,26.52859307
402,2022-09-22 07:00:00,Asia/Bangkok,84.55937255,3331.463056,3331.461097,26.92627104
403,2022-09-23 07:00:00,Asia/Bangkok,89.37928564,3331.519583,3331.506284,25.59752436
404,2022-09-24 07:00:00,Asia/Bangkok,89.57353573,3331.501259,3331.500719,25.6717989
405,2022-09-25 07:00:00,Asia/Bangkok,90.42300847,3331.73652,3331.736974,25.63760278
406,2022-09-26 07:00:00,Asia/Bangkok,92.18171748,3331.384367,3331.384367,24.58978152
407,2022-09-27 07:00:00,Asia/Bangkok,91.28906717,3331.363735,3331.363735,25.3420543
408,2022-09-28 07:00:00,Asia/Bangkok,85.47484133,3331.543494,3331.543494,26.21722505
409,2022-09-29 07:00:00,Asia/Bangkok,74.29142173,3331.34338,3331.34338,28.63618276
410,2022-09-30 07:00:00,Asia/Bangkok,74.246979,3331.43497,3331.43497,28.4968068
411,2022-10-01 07:00:00,Asia/Bangkok,84.3473191,3331.95363,3331.954382,27.04101662
412,2022-10-02 07:00:00,Asia/Bangkok,95.47720343,3331.746767,3331.748832,24.80986953
413,2022-10-03 07:00:00,Asia/Bangkok,89.49009312,3331.770886,3331.769258,26.01537808
414,2022-10-04 07:00:00,Asia/Bangkok,94.34586279,3331.552319,3331.552319,24.94233002
415,2022-10-05 07:00:00,Asia/Bangkok,87.38355963,3331.508267,3331.508267,25.96860224
416,2022-10-06 07:00:00,Asia/Bangkok,85.28837411,3331.435704,3331.435704,26.10645271
417,2022-10-07 07:00:00,Asia/Bangkok,83.17027336,3331.689024,3331.689024,27.08850498
418,2022-10-08 07:00:00,Asia/Bangkok,84.76005255,3331.564499,3331.564499,26.99047149
419,2022-10-09 07:00:00,Asia/Bangkok,85.94488286,3331.873245,3331.873245,26.49679273
420,2022-10-10 07:00:00,Asia/Bangkok,83.00518871,3332.006466,3332.006822,27.30149333
421,2022-10-11 07:00:00,Asia/Bangkok,90.10788106,3331.709978,3331.709978,24.96806176
422,2022-10-12 07:00:00,Asia/Bangkok,87.66575648,3331.439095,3331.439095,25.14131189
423,2022-10-13 07:00:00,Asia/Bangkok,83.9586549,3331.714645,3331.715567,25.71463018
424,2022-10-14 07:00:00,Asia/Bangkok,80.47299024,3331.642498,3331.664514,27.41809822
425,2022-10-15 07:00:00,Asia/Bangkok,86.81501304,3331.553802,3331.553802,26.50188089
426,2022-10-16 07:00:00,Asia/Bangkok,74.67072098,3330.948332,3330.948332,26.32012305
427,2022-10-17 07:00:00,Asia/Bangkok,84.22913358,3331.717921,3331.717921,23.47989745
428,2022-10-18 07:00:00,Asia/Bangkok,75.21048482,3331.838326,3331.838745,25.8289657
429,2022-10-19 07:00:00,Asia/Bangkok,69.28377441,3331.777978,3331.778857,25.59016843
430,2022-10-20 07:00:00,Asia/Bangkok,67.76710676,3331.962684,3331.962684,24.42693357
431,2022-10-21 07:00:00,Asia/Bangkok,69.95032626,3331.496224,3331.496224,25.97937119
432,2022-10-22 07:00:00,Asia/Bangkok,80.25881594,3331.378369,3331.378369,25.17615639
433,2022-10-23 07:00:00,Asia/Bangkok,79.74554157,3331.986715,3331.987805,26.8757585
434,2022-10-24 07:00:00,Asia/Bangkok,86.89144421,3331.245229,3331.245229,25.49277475
435,2022-10-25 07:00:00,Asia/Bangkok,79.94321862,3331.580576,3331.580576,26.63049194
436,2022-10-26 07:00:00,Asia/Bangkok,78.07505708,3159.044276,3159.044276,26.89694673
437,2022-10-27 07:00:00,Asia/Bangkok,79.46894535,0,0,27.26459479
438,2022-10-28 07:00:00,Asia/Bangkok,79.86254776,0,0,27.07061259
439,2022-10-29 07:00:00,Asia/Bangkok,82.44112542,0,0,26.9520815
440,2022-10-30 07:00:00,Asia/Bangkok,80.5587951,0,0,26.34864401
441,2022-10-31 07:00:00,Asia/Bangkok,76.14647025,0,0,25.72078631
442,2022-11-01 07:00:00,Asia/Bangkok,75.88324796,0,0,25.70507862
443,2022-11-02 07:00:00,Asia/Bangkok,77.60236244,0,0,25.14823779
444,2022-11-03 07:00:00,Asia/Bangkok,76.10009289,0,0,25.07497118
445,2022-11-04 07:00:00,Asia/Bangkok,75.20175626,0,0,25.59308688
446,2022-11-05 07:00:00,Asia/Bangkok,76.68938714,0,0,24.76660283
447,2022-11-06 07:00:00,Asia/Bangkok,76.04812316,0,0,24.15060098
448,2022-11-07 07:00:00,Asia/Bangkok,75.27760107,0,0,24.22134201
449,2022-11-08 07:00:00,Asia/Bangkok,74.23283484,0,0,24.18333915
450,2022-11-09 07:00:00,Asia/Bangkok,74.02975191,0,0,24.22051266
451,2022-11-10 07:00:00,Asia/Bangkok,74.92143659,0,0,24.59568652
452,2022-11-11 07:00:00,Asia/Bangkok,72.44962471,0,0,24.84031355
453,2022-11-12 07:00:00,Asia/Bangkok,80.32412045,0,0,22.49678371
454,2022-11-13 07:00:00,Asia/Bangkok,81.15890428,0,0,22.16917492
455,2022-11-14 07:00:00,Asia/Bangkok,66.31048728,0,0,27.20131351
456,2022-11-15 07:00:00,Asia/Bangkok,86.7339713,0,0,20.49888487
457,2022-11-16 07:00:00,Asia/Bangkok,88.56502139,0,0,19.32919947
458,2022-11-17 07:00:00,Asia/Bangkok,67.77716784,0,0,26.69507865
459,2022-11-18 07:00:00,Asia/Bangkok,76.03643242,0,0,25.95060944
460,2022-11-19 07:00:00,Asia/Bangkok,82.35210023,0,0,26.24757424
461,2022-11-20 07:00:00,Asia/Bangkok,83.26437725,0,0,26.465598
462,2022-11-21 07:00:00,Asia/Bangkok,85.17056158,0,0,26.00867031
463,2022-11-22 07:00:00,Asia/Bangkok,79.82382171,0,0,27.06480201
464,2022-11-23 07:00:00,Asia/Bangkok,75.83087559,0,0,26.37247944
465,2022-11-24 07:00:00,Asia/Bangkok,71.33179978,0,0,25.8372859
466,2022-11-25 07:00:00,Asia/Bangkok,81.99727982,0,0,24.55102138
467,2022-11-26 07:00:00,Asia/Bangkok,83.44307457,0,0,26.19713663
468,2022-11-27 07:00:00,Asia/Bangkok,82.59874212,0,0,26.38718244
469,2022-11-28 07:00:00,Asia/Bangkok,83.95150868,0,0,26.38718444
470,2022-11-29 07:00:00,Asia/Bangkok,83.60112992,0,0,26.81535996
471,2022-11-30 07:00:00,Asia/Bangkok,81.801276,0,0,26.62639089
472,2022-12-01 07:00:00,Asia/Bangkok,78.99671651,0,0,27.01256691
473,2022-12-02 07:00:00,Asia/Bangkok,89.52388857,0,0,23.92305103
474,2022-12-03 07:00:00,Asia/Bangkok,88.76040802,0,0,23.88640192
475,2022-12-04 07:00:00,Asia/Bangkok,84.0044325,0,0,25.2820721
476,2022-12-05 07:00:00,Asia/Bangkok,81.94650852,0,0,25.31862307
477,2022-12-06 07:00:00,Asia/Bangkok,80.66295414,0,0,25.42160835
478,2022-12-07 07:00:00,Asia/Bangkok,81.0410005,0,0,25.49992155
479,2022-12-08 07:00:00,Asia/Bangkok,80.35789896,0,0,25.74948448
480,2022-12-09 07:00:00,Asia/Bangkok,82.33290642,0,0,25.10633028
481,2022-12-10 07:00:00,Asia/Bangkok,82.26731247,0,0,25.28331265
482,2022-12-11 07:00:00,Asia/Bangkok,79.6345176,0,0,24.47904882
483,2022-12-12 07:00:00,Asia/Bangkok,75.53976318,0,0,24.03955221
484,2022-12-13 07:00:00,Asia/Bangkok,79.69720798,0,0,24.19719497
485,2022-12-14 07:00:00,Asia/Bangkok,76.71629524,0,0,24.10168943
486,2022-12-15 07:00:00,Asia/Bangkok,81.91649059,0,0,22.27851794
487,2022-12-16 07:00:00,Asia/Bangkok,80.21499665,0,0,21.92484007
488,2022-12-17 07:00:00,Asia/Bangkok,79.90160049,0,0,21.94239373
489,2022-12-18 07:00:00,Asia/Bangkok,71.78283903,0,0,24.27003632
490,2022-12-19 07:00:00,Asia/Bangkok,69.78936063,0,0,20.73772888
491,2022-12-20 07:00:00,Asia/Bangkok,74.45399549,0,0,19.75241377
492,2022-12-21 07:00:00,Asia/Bangkok,78.05032435,0,0,20.61480817
493,2022-12-22 07:00:00,Asia/Bangkok,76.94742937,0,0,22.18660984
494,2022-12-23 07:00:00,Asia/Bangkok,79.52529018,0,0,22.64982584
495,2022-12-24 07:00:00,Asia/Bangkok,81.07852228,0,0,22.86677688