Unnamed: 0,timestamp,timezone,humidity,pm_10,pm_2_5,temperature,location
0,2021-08-19 07:00:00,Asia/Bangkok,87.99569397388063,10.78290766208251,8.670923379174853,27.59701708022385,export-AeroSURE-024-1d.xlsx
1,2021-08-20 07:00:00,Asia/Bangkok,84.77623043106071,8.102613746369796,6.424516129032258,27.96221847001229,export-AeroSURE-024-1d.xlsx
2,2021-08-21 07:00:00,Asia/Bangkok,86.5740293566177,9.250580046403712,7.835761589403973,27.42505156604363,export-AeroSURE-024-1d.xlsx
3,2021-08-22 07:00:00,Asia/Bangkok,89.6831563974202,9.673549655850541,8.291939711664483,26.84583679164102,export-AeroSURE-024-1d.xlsx
4,2021-08-23 07:00:00,Asia/Bangkok,89.787102260736,6.686012389957614,5.532899022801303,26.14592900000019,export-AeroSURE-024-1d.xlsx
5,2021-08-24 07:00:00,Asia/Bangkok,83.94412708205779,5.071312803889789,3.936163318211277,28.35897415516715,export-AeroSURE-024-1d.xlsx
6,2021-08-25 07:00:00,Asia/Bangkok,88.89010995417043,8.913715389568576,6.996782496782497,26.07796498166256,export-AeroSURE-024-1d.xlsx
7,2021-08-26 07:00:00,Asia/Bangkok,85.74598403459977,8.27337431252022,6.318152454780361,27.20240535416016,export-AeroSURE-024-1d.xlsx
8,2021-08-27 07:00:00,Asia/Bangkok,87.49010512450049,9.705078125,8.173715029277814,27.53498158056597,export-AeroSURE-024-1d.xlsx
9,2021-08-28 07:00:00,Asia/Bangkok,81.50405957407399,17.50344601247128,15.65486725663717,29.11805308214982,export-AeroSURE-024-1d.xlsx
10,2021-08-29 07:00:00,Asia/Bangkok,81.0737402689486,12.69038336582196,11.00747238466537,29.00319845001533,export-AeroSURE-024-1d.xlsx
11,2021-08-30 07:00:00,Asia/Bangkok,78.20122920576527,16.19052224371373,14.6298324742268,29.67477535276059,export-AeroSURE-024-1d.xlsx
12,2021-08-31 07:00:00,Asia/Bangkok,87.12784156335891,9.21145233525272,7.662727563078889,27.95917934331099,export-AeroSURE-024-1d.xlsx
13,2021-09-01 07:00:00,Asia/Bangkok,86.45915867872448,6.063497232171931,4.918593292087268,27.30622427038628,export-AeroSURE-024-1d.xlsx
14,2021-09-02 07:00:00,Asia/Bangkok,83.5677721739129,5.457512116316639,4.310723514211887,28.21200439031857,export-AeroSURE-024-1d.xlsx
15,2021-09-03 07:00:00,Asia/Bangkok,84.41527011066721,6.827140549273021,4.859864384888602,27.73943123692314,export-AeroSURE-024-1d.xlsx
16,2021-09-04 07:00:00,Asia/Bangkok,79.76835216552574,14.51303200263939,12.90072559366755,29.46278547492994,export-AeroSURE-024-1d.xlsx
17,2021-09-05 07:00:00,Asia/Bangkok,78.97862108622263,13.94489465153971,12.25097150259067,29.16424290629817,export-AeroSURE-024-1d.xlsx
18,2021-09-06 07:00:00,Asia/Bangkok,77.02263075879101,16.14720314033366,14.68354016982364,29.30946606172838,export-AeroSURE-024-1d.xlsx
19,2021-09-07 07:00:00,Asia/Bangkok,75.60684332514592,15.87645300564597,14.08894789246598,29.69201335277871,export-AeroSURE-024-1d.xlsx
20,2021-09-08 07:00:00,Asia/Bangkok,79.55570873006144,17.61975065616798,15.33092817317153,29.26837543111379,export-AeroSURE-024-1d.xlsx
21,2021-09-09 07:00:00,Asia/Bangkok,85.96779616995066,13.19967637540453,10.5312196700097,27.51341444581295,export-AeroSURE-024-1d.xlsx
22,2021-09-10 07:00:00,Asia/Bangkok,84.5350868215159,12.19566623544631,8.994505494505495,27.79379274006164,export-AeroSURE-024-1d.xlsx
23,2021-09-11 07:00:00,Asia/Bangkok,79.31454793616345,10.23504273504273,7.791064388961892,29.82194632475992,export-AeroSURE-024-1d.xlsx
24,2021-09-12 07:00:00,Asia/Bangkok,83.46459568049148,8.409312927385217,6.436950146627566,29.14302182908084,export-AeroSURE-024-1d.xlsx
25,2021-09-13 07:00:00,Asia/Bangkok,83.0719606837872,9.585881587508133,7.183148991541965,29.00957502940267,export-AeroSURE-024-1d.xlsx
26,2021-09-14 07:00:00,Asia/Bangkok,81.09281851239655,11.96567357512953,8.944031057910061,29.60301390691999,export-AeroSURE-024-1d.xlsx
27,2021-09-15 07:00:00,Asia/Bangkok,83.72440914382526,11.56282722513089,9.07229309780831,28.5761809026494,export-AeroSURE-024-1d.xlsx
28,2021-09-16 07:00:00,Asia/Bangkok,87.67932068160881,15.07418205377389,13.2667529944966,26.66764013824888,export-AeroSURE-024-1d.xlsx
29,2021-09-17 07:00:00,Asia/Bangkok,81.97281378345103,12.86110194655229,11.60613052076467,28.2511259907692,export-AeroSURE-024-1d.xlsx
30,2021-09-18 07:00:00,Asia/Bangkok,77.5451987817569,11.12048192771084,9.814899154196487,28.79719949219961,export-AeroSURE-024-1d.xlsx
31,2021-09-19 07:00:00,Asia/Bangkok,84.3714112261307,12.31925378387892,10.94903339191564,28.18784283176938,export-AeroSURE-024-1d.xlsx
32,2021-09-20 07:00:00,Asia/Bangkok,84.0436476032815,4.652644602536344,3.776645041705283,28.19865678288893,export-AeroSURE-024-1d.xlsx
33,2021-09-21 07:00:00,Asia/Bangkok,89.19802588862568,8.771822849807446,6.038226790876967,26.49804556444441,export-AeroSURE-024-1d.xlsx
34,2021-09-22 07:00:00,Asia/Bangkok,88.64299351897186,9.236124794745484,6.573210768220617,26.96925311696286,export-AeroSURE-024-1d.xlsx
35,2021-09-23 07:00:00,Asia/Bangkok,83.46083393528505,12.22604741799285,9.503403565640195,28.54639799444624,export-AeroSURE-024-1d.xlsx
36,2021-09-24 07:00:00,Asia/Bangkok,83.3915120857759,13.24620845434011,11.26120606256046,28.59956874421475,export-AeroSURE-024-1d.xlsx
37,2021-09-25 07:00:00,Asia/Bangkok,81.31322590643282,11.11801242236025,9.559438275636838,29.32415098461531,export-AeroSURE-024-1d.xlsx
38,2021-09-26 07:00:00,Asia/Bangkok,88.00130961998163,10.02693056456846,7.511680726800779,27.23731225697649,export-AeroSURE-024-1d.xlsx
39,2021-09-27 07:00:00,Asia/Bangkok,90.83022283958186,6.582603050957482,5.079195066536839,26.33792243467565,export-AeroSURE-024-1d.xlsx
40,2021-09-28 07:00:00,Asia/Bangkok,88.79090606441693,6.173479240424848,4.817626246381473,26.75388117556766,export-AeroSURE-024-1d.xlsx
41,2021-09-29 07:00:00,Asia/Bangkok,85.16928801106658,4.601801222257961,3.308161953727506,28.2330516113162,export-AeroSURE-024-1d.xlsx
42,2021-09-30 07:00:00,Asia/Bangkok,84.21475665020071,9.26981559365901,7.890109890109891,28.69006218585978,export-AeroSURE-024-1d.xlsx
43,2021-10-01 07:00:00,Asia/Bangkok,85.38028068721115,5.453225806451613,4.621334192716726,28.33434582614079,export-AeroSURE-024-1d.xlsx
44,2021-10-02 07:00:00,Asia/Bangkok,82.26071198588076,12.1140150277687,10.88475350963108,28.34359944427386,export-AeroSURE-024-1d.xlsx
45,2021-10-03 07:00:00,Asia/Bangkok,82.52415579932473,10.14618369987063,9.019702842377262,28.42832201288714,export-AeroSURE-024-1d.xlsx
46,2021-10-04 07:00:00,Asia/Bangkok,79.80079139620335,7.494007989347536,6.420877659574468,29.2349924134764,export-AeroSURE-024-1d.xlsx
47,2021-10-05 07:00:00,Asia/Bangkok,80.9203329532253,5.970115681233933,5.006745904272406,28.85517076499386,export-AeroSURE-024-1d.xlsx
48,2021-10-06 07:00:00,Asia/Bangkok,86.07320713187838,9.288130081300814,7.610516066212269,27.13549937884383,export-AeroSURE-024-1d.xlsx
49,2021-10-07 07:00:00,Asia/Bangkok,86.71056690322584,12.27587322121604,9.41550888529887,26.96691976329542,export-AeroSURE-024-1d.xlsx
50,2021-10-08 07:00:00,Asia/Bangkok,86.56694246394584,11.4284332688588,8.145665485014502,27.3475800644766,export-AeroSURE-024-1d.xlsx
51,2021-10-09 07:00:00,Asia/Bangkok,86.96096817289998,10.91712528326319,7.783425056652638,27.62735886537872,export-AeroSURE-024-1d.xlsx
52,2021-10-10 07:00:00,Asia/Bangkok,83.7700247554596,9.946787800129785,7.238404151800195,29.04188494924633,export-AeroSURE-024-1d.xlsx
53,2021-10-11 07:00:00,Asia/Bangkok,81.01780432007403,12.31132686084142,9.2015503875969,29.54813611470854,export-AeroSURE-024-1d.xlsx
54,2021-10-12 07:00:00,Asia/Bangkok,76.41389466462478,15.55958882107292,12.16559691912709,30.05012438150658,export-AeroSURE-024-1d.xlsx
55,2021-10-13 07:00:00,Asia/Bangkok,84.02093113398914,14.26797175866496,10.26179018286814,28.59243690439605,export-AeroSURE-024-1d.xlsx
56,2021-10-14 07:00:00,Asia/Bangkok,82.09566157910919,17.0599358974359,13.3095390524968,29.5577670159804,export-AeroSURE-024-1d.xlsx
57,2021-10-15 07:00:00,Asia/Bangkok,83.09190613873538,18.4916965157929,14.59908883826879,29.46237703624077,export-AeroSURE-024-1d.xlsx
58,2021-10-16 07:00:00,Asia/Bangkok,83.23345197913456,18.46451612903226,15.80296678490809,28.91260415464878,export-AeroSURE-024-1d.xlsx
59,2021-10-17 07:00:00,Asia/Bangkok,79.74521869058566,10.82820097244733,8.756800518134716,29.4794631330471,export-AeroSURE-024-1d.xlsx
60,2021-10-18 07:00:00,Asia/Bangkok,83.95955281096036,11.10701584222438,8.918875242404654,28.5114108376963,export-AeroSURE-024-1d.xlsx
61,2021-10-19 07:00:00,Asia/Bangkok,80.24770492321863,17.05897602073882,14.89676375404531,29.2964890995699,export-AeroSURE-024-1d.xlsx
62,2021-10-20 07:00:00,Asia/Bangkok,82.32160869095384,13.71711594673595,12.27476453393959,28.85742335083382,export-AeroSURE-024-1d.xlsx
63,2021-10-21 07:00:00,Asia/Bangkok,86.30910578867241,10.04679487179487,8.727564102564102,28.04901294547673,export-AeroSURE-024-1d.xlsx
64,2021-10-22 07:00:00,Asia/Bangkok,87.08896478795313,7.52614590058102,6.591422121896162,27.28834555487239,export-AeroSURE-024-1d.xlsx
65,2021-10-23 07:00:00,Asia/Bangkok,85.10319459603886,11.24966887417219,9.529781601588352,27.6880970943394,export-AeroSURE-024-1d.xlsx
66,2021-10-24 07:00:00,Asia/Bangkok,84.21193509704403,8.320725226633323,7.092158700406123,28.15646022122579,export-AeroSURE-024-1d.xlsx
67,2021-10-25 07:00:00,Asia/Bangkok,84.26385922463993,13.49756730457347,12.21437823834197,28.27962210848906,export-AeroSURE-024-1d.xlsx
68,2021-10-26 07:00:00,Asia/Bangkok,81.2584168499073,11.20997717639387,10.14164767176815,28.7935408060533,export-AeroSURE-024-1d.xlsx
69,2021-10-27 07:00:00,Asia/Bangkok,81.36179925222176,11.18078913324709,10.36877828054299,29.1107399907976,export-AeroSURE-024-1d.xlsx
70,2021-10-28 07:00:00,Asia/Bangkok,85.6224091797119,9.7349357918999,8.727212898979928,28.39199634283938,export-AeroSURE-024-1d.xlsx
71,2021-10-29 07:00:00,Asia/Bangkok,79.25794035615594,32.83893919793015,29.87786752827141,29.65579640687347,export-AeroSURE-024-1d.xlsx
72,2021-10-30 07:00:00,Asia/Bangkok,80.63055714373829,17.80780487804878,16.44263893402665,29.31889314197527,export-AeroSURE-024-1d.xlsx
73,2021-10-31 07:00:00,Asia/Bangkok,86.96951530799869,11.37212276214834,10.14564037048866,27.49606280282138,export-AeroSURE-024-1d.xlsx
74,2021-11-01 07:00:00,Asia/Bangkok,86.92947060503674,13.69870967741936,12.61096774193548,26.99081065745001,export-AeroSURE-024-1d.xlsx
75,2021-11-02 07:00:00,Asia/Bangkok,81.06114137867085,11.5761610912634,10.61818181818182,28.98299180439513,export-AeroSURE-024-1d.xlsx
76,2021-11-03 07:00:00,Asia/Bangkok,84.82279345521022,12.35041639974375,11.19897632757518,28.23871265163043,export-AeroSURE-024-1d.xlsx
77,2021-11-04 07:00:00,Asia/Bangkok,79.10042347957143,19.94819408974827,18.423568040861,29.3390788211654,export-AeroSURE-024-1d.xlsx
78,2021-11-05 07:00:00,Asia/Bangkok,80.30743164375176,18.12900065316786,16.73498694516971,28.55799416437531,export-AeroSURE-024-1d.xlsx
79,2021-11-06 07:00:00,Asia/Bangkok,80.68717570806095,11.99574328749181,10.86910994764398,28.89078262223603,export-AeroSURE-024-1d.xlsx
80,2021-11-07 07:00:00,Asia/Bangkok,85.14200413554646,8.154831625183016,7.238199780461032,28.13342082698964,export-AeroSURE-024-1d.xlsx
81,2021-11-08 07:00:00,Asia/Bangkok,84.34786180880124,7.90978886756238,7.123480486244402,28.53125041324824,export-AeroSURE-024-1d.xlsx
82,2021-11-09 07:00:00,Asia/Bangkok,83.8256655764968,10.23000583771162,9.170995039393055,28.56619546311708,export-AeroSURE-024-1d.xlsx
83,2021-11-10 07:00:00,Asia/Bangkok,80.6048048693656,15.8053284892522,14.48668280871671,29.07917730901796,export-AeroSURE-024-1d.xlsx
84,2021-11-11 07:00:00,Asia/Bangkok,82.84076579661014,13.45168612191958,12.2,27.6574710946654,export-AeroSURE-024-1d.xlsx
85,2021-11-12 07:00:00,Asia/Bangkok,87.31217830441399,12.01030927835052,10.53541735949451,26.9472828066971,export-AeroSURE-024-1d.xlsx
86,2021-11-13 07:00:00,Asia/Bangkok,89.22332184658208,12.57830530827563,11.17786561264822,26.71363636757411,export-AeroSURE-024-1d.xlsx
87,2021-11-14 07:00:00,Asia/Bangkok,89.5713555192125,8.279825737265416,7.210790884718499,26.42451159517021,export-AeroSURE-024-1d.xlsx
88,2021-11-15 07:00:00,Asia/Bangkok,90.35021910200275,10.53759523020868,9.049321416749422,26.72415197805637,export-AeroSURE-024-1d.xlsx
89,2021-11-16 07:00:00,Asia/Bangkok,90.4446876655164,9.711015262110152,8.408291873963515,26.54822156936615,export-AeroSURE-024-1d.xlsx
90,2021-11-17 07:00:00,Asia/Bangkok,84.05702053550169,8.92016632016632,7.76964656964657,28.25540624305017,export-AeroSURE-024-1d.xlsx
91,2021-11-18 07:00:00,Asia/Bangkok,81.19647176890768,9.580856643356643,8.62805944055944,28.24195207317076,export-AeroSURE-024-1d.xlsx
92,2021-11-19 07:00:00,Asia/Bangkok,92.41491192356145,15.24352100089365,11.61376843987483,25.99783258823523,export-AeroSURE-024-1d.xlsx
93,2021-11-20 07:00:00,Asia/Bangkok,91.93454767353161,9.054596547571256,7.82223113964687,26.0991909194965,export-AeroSURE-024-1d.xlsx
94,2021-11-21 07:00:00,Asia/Bangkok,83.2010792147707,11.85505925250684,10.75170842824601,28.56376153225806,export-AeroSURE-024-1d.xlsx
95,2021-11-22 07:00:00,Asia/Bangkok,87.49301551178213,6.336444963049397,5.472621359223301,27.46126760693223,export-AeroSURE-024-1d.xlsx
96,2021-11-23 07:00:00,Asia/Bangkok,91.11443238219904,10.98704902867715,9.344285053216103,26.88890925764213,export-AeroSURE-024-1d.xlsx
97,2021-11-24 07:00:00,Asia/Bangkok,86.54031074074068,12.0510158013544,10.95987376014427,28.17392285036653,export-AeroSURE-024-1d.xlsx
98,2021-11-25 07:00:00,Asia/Bangkok,84.211188621701,16.0748449955713,14.79690265486726,28.51679433179739,export-AeroSURE-024-1d.xlsx
99,2021-11-26 07:00:00,Asia/Bangkok,84.88818344800295,12.1602643535729,11.03789126853377,27.94709662974681,export-AeroSURE-024-1d.xlsx
100,2021-11-27 07:00:00,Asia/Bangkok,82.6664831257583,7.243197278911564,6.484268707482993,27.91552722491902,export-AeroSURE-024-1d.xlsx
101,2021-11-28 07:00:00,Asia/Bangkok,74.67340275477713,6.091568955890564,5.17122141662019,29.22644216560518,export-AeroSURE-024-1d.xlsx
102,2021-11-29 07:00:00,Asia/Bangkok,84.49092944687044,4.787461773700306,4.111620795107034,27.06386699127903,export-AeroSURE-024-1d.xlsx
103,2021-11-30 07:00:00,Asia/Bangkok,88.8647803547672,12.49773755656109,11.36425339366516,26.67595518847006,export-AeroSURE-024-1d.xlsx
104,2021-12-01 07:00:00,Asia/Bangkok,83.35614303030297,6.44,5.773333333333333,27.86973006060609,export-AeroSURE-024-1d.xlsx
105,2021-12-02 07:00:00,Asia/Bangkok,88.56529903209356,10.59503695881732,8.770448548812665,26.84499643402977,export-AeroSURE-024-1d.xlsx
106,2021-12-03 07:00:00,Asia/Bangkok,82.81798753700653,15.85782817269952,14.0875816993464,27.93807835802503,export-AeroSURE-024-1d.xlsx
107,2021-12-04 07:00:00,Asia/Bangkok,77.60280069598335,30.81545221530575,27.66825164594001,28.24347998266903,export-AeroSURE-024-1d.xlsx
108,2021-12-05 07:00:00,Asia/Bangkok,77.53203918115724,31.06289517470882,28.42985372340426,27.98836528313825,export-AeroSURE-024-1d.xlsx
109,2021-12-06 07:00:00,Asia/Bangkok,70.4432781261314,33.9170375079466,30.4231746031746,27.37805858479184,export-AeroSURE-024-1d.xlsx
110,2021-12-07 07:00:00,Asia/Bangkok,73.22318848972307,35.69347056931489,31.66795242687239,26.55651533233978,export-AeroSURE-024-1d.xlsx
111,2021-12-08 07:00:00,Asia/Bangkok,76.07591616256018,24.00398162327718,22.01775329048056,27.82632214508359,export-AeroSURE-024-1d.xlsx
112,2021-12-09 07:00:00,Asia/Bangkok,76.93441280091265,26.06926536731634,23.91309559484567,28.07389889364138,export-AeroSURE-024-1d.xlsx
113,2021-12-10 07:00:00,Asia/Bangkok,75.99671628587524,40.89203698180734,30.84057536709619,27.99818937200794,export-AeroSURE-024-1d.xlsx
114,2021-12-11 07:00:00,Asia/Bangkok,81.97510162682086,19.93789716926632,18.20501730103806,27.11899630942533,export-AeroSURE-024-1d.xlsx
115,2021-12-12 07:00:00,Asia/Bangkok,77.64209567187022,19.83010335917313,17.8223153821348,27.85053512098016,export-AeroSURE-024-1d.xlsx
116,2021-12-13 07:00:00,Asia/Bangkok,73.53821803872557,22.9329846355018,20.54789146779994,28.01078215110835,export-AeroSURE-024-1d.xlsx
117,2021-12-14 07:00:00,Asia/Bangkok,76.75459225727401,19.53399935546246,17.85378421900161,28.06163602022064,export-AeroSURE-024-1d.xlsx
118,2021-12-15 07:00:00,Asia/Bangkok,76.35679682544573,27.91741935483871,24.35201288244766,28.36157226629782,export-AeroSURE-024-1d.xlsx
119,2021-12-16 07:00:00,Asia/Bangkok,75.83385541129536,41.25629438347321,35.58631816715069,28.64145915644169,export-AeroSURE-024-1d.xlsx
120,2021-12-17 07:00:00,Asia/Bangkok,76.70713486196307,38.01748704663213,33.34455958549223,28.55062966236964,export-AeroSURE-024-1d.xlsx
121,2021-12-18 07:00:00,Asia/Bangkok,78.23820432831222,42.00260416666666,36.51835011367327,28.29886031999994,export-AeroSURE-024-1d.xlsx
122,2021-12-19 07:00:00,Asia/Bangkok,82.26403927345187,29.72093023255814,26.62144702842377,28.02541659815941,export-AeroSURE-024-1d.xlsx
123,2021-12-20 07:00:00,Asia/Bangkok,80.5060888276925,25.44722312439104,23.26977950713359,27.85178169846143,export-AeroSURE-024-1d.xlsx
124,2021-12-21 07:00:00,Asia/Bangkok,82.9945663407454,41.23007623007623,35.44686742817584,26.56766643745916,export-AeroSURE-024-1d.xlsx
125,2021-12-22 07:00:00,Asia/Bangkok,80.57763648372125,49.49820202680615,41.54854527623407,26.96115696151447,export-AeroSURE-024-1d.xlsx
126,2021-12-23 07:00:00,Asia/Bangkok,80.48621152120462,56.40974025974026,46.26703439325114,27.5614806392134,export-AeroSURE-024-1d.xlsx
127,2021-12-24 07:00:00,Asia/Bangkok,80.29098738931297,52.1944721944722,43.22636484687084,27.5460377709923,export-AeroSURE-024-1d.xlsx
128,2021-12-25 07:00:00,Asia/Bangkok,79.6599038525602,37.14924391847469,32.74113009198423,27.7469405951279,export-AeroSURE-024-1d.xlsx
129,2021-12-26 07:00:00,Asia/Bangkok,82.06329617565467,18.43234536082474,16.87491961414791,27.7282431863046,export-AeroSURE-024-1d.xlsx
130,2021-12-27 07:00:00,Asia/Bangkok,79.85561096207186,22.92248062015504,20.76774193548387,28.06245810552299,export-AeroSURE-024-1d.xlsx
131,2021-12-28 07:00:00,Asia/Bangkok,77.20044809290961,33.00128452151574,29.99550706033376,28.55036023532987,export-AeroSURE-024-1d.xlsx
132,2021-12-29 07:00:00,Asia/Bangkok,78.77827196927802,24.98435462842243,23.20860495436767,28.50796882371012,export-AeroSURE-024-1d.xlsx
133,2021-12-30 07:00:00,Asia/Bangkok,80.92087917690426,16.72756827048114,15.05452775073028,28.0599571257298,export-AeroSURE-024-1d.xlsx
134,2021-12-31 07:00:00,Asia/Bangkok,75.06513774570026,9.797513902518808,8.423479398299543,28.4181705132146,export-AeroSURE-024-1d.xlsx
135,2022-01-01 07:00:00,Asia/Bangkok,75.02948071980211,22.06492659053833,19.68707261478346,28.58033219097659,export-AeroSURE-024-1d.xlsx
136,2022-01-02 07:00:00,Asia/Bangkok,72.12262757995086,22.55317769130999,20.01945525291829,28.5309969590643,export-AeroSURE-024-1d.xlsx
137,2022-01-03 07:00:00,Asia/Bangkok,76.3105337610753,22.64880568108457,20.55917445985166,28.06868157701697,export-AeroSURE-024-1d.xlsx
138,2022-01-04 07:00:00,Asia/Bangkok,74.97309300863142,22.77596873982416,20.50374227139603,28.59471236201042,export-AeroSURE-024-1d.xlsx
139,2022-01-05 07:00:00,Asia/Bangkok,78.40504919777838,22.61298962169401,20.79551539491299,28.3627235412163,export-AeroSURE-024-1d.xlsx
140,2022-01-06 07:00:00,Asia/Bangkok,80.82004137134062,33.08985411140583,29.52683896620279,28.19831565525757,export-AeroSURE-024-1d.xlsx
141,2022-01-07 07:00:00,Asia/Bangkok,77.11466445513837,44.33637548891786,36.56796593514576,28.50633303632428,export-AeroSURE-024-1d.xlsx
142,2022-01-08 07:00:00,Asia/Bangkok,74.74287558561309,22.06205559146736,19.79819179851469,28.8697246939404,export-AeroSURE-024-1d.xlsx
143,2022-01-09 07:00:00,Asia/Bangkok,75.54862747471647,21.4034516444155,19.43298633702017,28.86092124118896,export-AeroSURE-024-1d.xlsx
144,2022-01-10 07:00:00,Asia/Bangkok,76.47037690578823,28.47933615359583,25.84037711313394,28.3448836414049,export-AeroSURE-024-1d.xlsx
145,2022-01-11 07:00:00,Asia/Bangkok,76.29760799385542,26.38133940182055,24.40266493337667,28.25876791026426,export-AeroSURE-024-1d.xlsx
146,2022-01-12 07:00:00,Asia/Bangkok,73.71797329846144,24.38951795535425,22.35381630012937,28.76454632194523,export-AeroSURE-024-1d.xlsx
147,2022-01-13 07:00:00,Asia/Bangkok,70.9382069545176,19.82797792924375,17.40798442064265,28.43971708705005,export-AeroSURE-024-1d.xlsx
148,2022-01-14 07:00:00,Asia/Bangkok,68.01824973902367,22.43037974683544,20.13831168831169,28.3191677126189,export-AeroSURE-024-1d.xlsx
149,2022-01-15 07:00:00,Asia/Bangkok,68.61893729057995,24.02683478823149,21.64599483204134,28.27338019643964,export-AeroSURE-024-1d.xlsx
150,2022-01-16 07:00:00,Asia/Bangkok,67.8577764298838,20.81902925104468,18.34254498714653,28.19288182848386,export-AeroSURE-024-1d.xlsx
151,2022-01-17 07:00:00,Asia/Bangkok,70.94486428000012,26.08507170795306,19.64869281045751,28.26955461206903,export-AeroSURE-024-1d.xlsx
152,2022-01-18 07:00:00,Asia/Bangkok,71.82423236106844,28.95053346265761,26.39870759289176,28.54561865703742,export-AeroSURE-024-1d.xlsx
153,2022-01-19 07:00:00,Asia/Bangkok,73.66368905683571,35.62403846153846,31.79308135810378,28.67387275968045,export-AeroSURE-024-1d.xlsx
154,2022-01-20 07:00:00,Asia/Bangkok,75.74298502447988,36.63860232945092,31.79654255319149,28.3726653365974,export-AeroSURE-024-1d.xlsx
155,2022-01-21 07:00:00,Asia/Bangkok,74.59817467034684,24.41486171276241,21.72103861517976,28.39880055231651,export-AeroSURE-024-1d.xlsx
156,2022-01-22 07:00:00,Asia/Bangkok,77.87648351634779,23.55458656330749,19.18958265933355,28.24500678703711,export-AeroSURE-024-1d.xlsx
157,2022-01-23 07:00:00,Asia/Bangkok,77.28908138897344,72.74604743083005,31.68379850238257,28.28487992687406,export-AeroSURE-024-1d.xlsx
158,2022-01-24 07:00:00,Asia/Bangkok,77.30042410845601,20.13816869051526,18.43339895013123,28.32311940833857,export-AeroSURE-024-1d.xlsx
159,2022-01-25 07:00:00,Asia/Bangkok,76.29684590365153,21.26309026662383,19.52358036573629,28.59009633906654,export-AeroSURE-024-1d.xlsx
160,2022-01-26 07:00:00,Asia/Bangkok,73.59393943014696,24.96115537848605,23.14940239043825,28.8479354353157,export-AeroSURE-024-1d.xlsx
161,2022-01-27 07:00:00,Asia/Bangkok,71.71127251920119,34.20325732899023,30.9541015625,29.42133922201712,export-AeroSURE-024-1d.xlsx
162,2022-01-28 07:00:00,Asia/Bangkok,76.02892047357173,39.81381090674411,34.78942276684941,28.97012997859338,export-AeroSURE-024-1d.xlsx
163,2022-01-29 07:00:00,Asia/Bangkok,73.88715543859664,39.98258626249597,35.16006441223833,29.56599659790643,export-AeroSURE-024-1d.xlsx
164,2022-01-30 07:00:00,Asia/Bangkok,80.47127678153846,33.88845528455285,30.54985384865216,28.99217514461539,export-AeroSURE-024-1d.xlsx
165,2022-01-31 07:00:00,Asia/Bangkok,77.08956999692677,24.28794788273616,22.51399739583333,28.62723327999998,export-AeroSURE-024-1d.xlsx
166,2022-02-01 07:00:00,Asia/Bangkok,76.8958893540452,31.57437883188125,28.69816188326346,29.16668039987692,export-AeroSURE-024-1d.xlsx
167,2022-02-02 07:00:00,Asia/Bangkok,74.41276024793386,41.67169448010269,33.65903963905897,29.12173998774513,export-AeroSURE-024-1d.xlsx
168,2022-02-03 07:00:00,Asia/Bangkok,76.87877747747727,16.95294117647059,15.10809928151535,28.55314889959598,export-AeroSURE-024-1d.xlsx
169,2022-02-04 07:00:00,Asia/Bangkok,75.07465242461915,28.15424836601307,21.05683311432326,29.2386060385574,export-AeroSURE-024-1d.xlsx
170,2022-02-05 07:00:00,Asia/Bangkok,72.44876607339457,23.96405648267009,21.28736369467607,29.54443850458721,export-AeroSURE-024-1d.xlsx
171,2022-02-06 07:00:00,Asia/Bangkok,68.71355649144259,13.72132209980557,11.30226537216828,29.57211955378979,export-AeroSURE-024-1d.xlsx
172,2022-02-07 07:00:00,Asia/Bangkok,74.41028248537093,21.96895424836601,18.55751633986928,29.24095676316595,export-AeroSURE-024-1d.xlsx
173,2022-02-08 07:00:00,Asia/Bangkok,80.21665522935774,17.81450307542894,15.72597864768683,28.6955983725909,export-AeroSURE-024-1d.xlsx
174,2022-02-09 07:00:00,Asia/Bangkok,82.92672700459418,23.88888888888889,21.74348245896363,28.12091079326186,export-AeroSURE-024-1d.xlsx
175,2022-02-10 07:00:00,Asia/Bangkok,78.52013209811818,25.65312701482914,23.28934663662697,28.76228948781235,export-AeroSURE-024-1d.xlsx
176,2022-02-11 07:00:00,Asia/Bangkok,73.69070695246978,27.37050243111831,24.72659540006479,29.29579588930353,export-AeroSURE-024-1d.xlsx
177,2022-02-12 07:00:00,Asia/Bangkok,73.27991292960334,27.03823720025924,24.20867033322549,29.08374989852394,export-AeroSURE-024-1d.xlsx
178,2022-02-13 07:00:00,Asia/Bangkok,79.59031471994955,20.72378089512358,18.68124165554072,28.01984271410574,export-AeroSURE-024-1d.xlsx
179,2022-02-14 07:00:00,Asia/Bangkok,74.2146536624499,17.36621534493875,15.68655272492744,29.15469659055838,export-AeroSURE-024-1d.xlsx
180,2022-02-15 07:00:00,Asia/Bangkok,75.24283707526861,10.00773445053174,8.874758531873793,29.51490172095851,export-AeroSURE-024-1d.xlsx
181,2022-02-16 07:00:00,Asia/Bangkok,80.82440601524391,13.0194489465154,11.76571613739469,28.66561432621939,export-AeroSURE-024-1d.xlsx
182,2022-02-17 07:00:00,Asia/Bangkok,83.12229025917948,20.91707159054098,18.85598705501618,28.00796910466192,export-AeroSURE-024-1d.xlsx
183,2022-02-18 07:00:00,Asia/Bangkok,87.92970384403672,14.65009621552277,12.89067008656621,26.86847130886872,export-AeroSURE-024-1d.xlsx
184,2022-02-19 07:00:00,Asia/Bangkok,78.85404644213106,17.03563330093942,15.5998705082551,29.44409771586025,export-AeroSURE-024-1d.xlsx
185,2022-02-20 07:00:00,Asia/Bangkok,79.48631546683062,17.83708950418545,16.3850611719253,29.68662169226029,export-AeroSURE-024-1d.xlsx
186,2022-02-21 07:00:00,Asia/Bangkok,80.0056350418864,12.45951219512195,11.16737081572961,29.01987504034771,export-AeroSURE-024-1d.xlsx
187,2022-02-22 07:00:00,Asia/Bangkok,77.78791327955311,16.17755775577558,14.82756346851302,29.18225134161503,export-AeroSURE-024-1d.xlsx
188,2022-02-23 07:00:00,Asia/Bangkok,78.10839935948518,18.27998696219035,16.73598435462842,28.8961037940548,export-AeroSURE-024-1d.xlsx
189,2022-02-24 07:00:00,Asia/Bangkok,77.26961973651575,14.5836310490419,13.1208184475479,28.69152446029772,export-AeroSURE-024-1d.xlsx
190,2022-02-25 07:00:00,Asia/Bangkok,77.29354896720817,26.88242936018188,24.61461038961039,28.59811187251012,export-AeroSURE-024-1d.xlsx
191,2022-02-26 07:00:00,Asia/Bangkok,79.91992965814602,43.08712613784135,36.92165149544864,27.63853036957197,export-AeroSURE-024-1d.xlsx
192,2022-02-27 07:00:00,Asia/Bangkok,78.95134533374323,24.01449275362319,21.63416988416989,27.44958625346033,export-AeroSURE-024-1d.xlsx
193,2022-02-28 07:00:00,Asia/Bangkok,75.9438760795989,14.7681592039801,12.32968853545394,28.30585279222825,export-AeroSURE-024-1d.xlsx
194,2022-03-01 07:00:00,Asia/Bangkok,69.97749547213117,14.6233676975945,11.92651098901099,29.63701966863509,export-AeroSURE-024-1d.xlsx
195,2022-03-02 07:00:00,Asia/Bangkok,73.4962069591383,21.21205059920106,17.13171057019006,29.48767262357403,export-AeroSURE-024-1d.xlsx
196,2022-03-03 07:00:00,Asia/Bangkok,72.71089539562297,19.89723320158103,17.62625341841386,29.79883838619146,export-AeroSURE-024-1d.xlsx
197,2022-03-04 07:00:00,Asia/Bangkok,73.3591729592151,20.04336399474376,17.75262812089356,30.0274695490799,export-AeroSURE-024-1d.xlsx
198,2022-03-05 07:00:00,Asia/Bangkok,76.97061207744322,21.07707191228636,19.03031280232183,29.15888811309169,export-AeroSURE-024-1d.xlsx
199,2022-03-06 07:00:00,Asia/Bangkok,83.07511553308832,19.94517833553501,18.14493232089799,27.94753675965663,export-AeroSURE-024-1d.xlsx
200,2022-03-07 07:00:00,Asia/Bangkok,84.25829646480166,26.66125290023202,24.39177991382168,27.96314557366944,export-AeroSURE-024-1d.xlsx
201,2022-03-08 07:00:00,Asia/Bangkok,77.34702344086031,28.26686027750887,26.22744845360825,29.60112658881392,export-AeroSURE-024-1d.xlsx
202,2022-03-09 07:00:00,Asia/Bangkok,77.27894493226606,12.73594603276582,11.41971740526654,29.04650739532014,export-AeroSURE-024-1d.xlsx
203,2022-03-10 07:00:00,Asia/Bangkok,74.7978440593452,20.2321601549887,18.03258064516129,29.30247520379991,export-AeroSURE-024-1d.xlsx
204,2022-03-11 07:00:00,Asia/Bangkok,73.89862796375918,28.86224654007081,26.04340836012862,29.90629332923818,export-AeroSURE-024-1d.xlsx
205,2022-03-12 07:00:00,Asia/Bangkok,76.41292059275183,39.86568596098497,34.51612903225806,29.47572968663602,export-AeroSURE-024-1d.xlsx
206,2022-03-13 07:00:00,Asia/Bangkok,79.79688840222082,41.53,35.90689432989691,29.53635625308666,export-AeroSURE-024-1d.xlsx
207,2022-03-14 07:00:00,Asia/Bangkok,80.50741714022145,47.96215334420881,40.24543676662321,29.24797407259319,export-AeroSURE-024-1d.xlsx
208,2022-03-15 07:00:00,Asia/Bangkok,75.75460924470372,26.38524860059269,23.26102699144174,30.2029829769585,export-AeroSURE-024-1d.xlsx
209,2022-03-16 07:00:00,Asia/Bangkok,74.88503328980093,17.09010773751224,15.32224396607958,30.33586486772468,export-AeroSURE-024-1d.xlsx
210,2022-03-17 07:00:00,Asia/Bangkok,79.97145616942883,19.99481193255512,18.26921829386961,29.5880575560331,export-AeroSURE-024-1d.xlsx
211,2022-03-18 07:00:00,Asia/Bangkok,79.12380969858171,24.56182293612252,22.07244212098581,29.30782479957429,export-AeroSURE-024-1d.xlsx
212,2022-03-19 07:00:00,Asia/Bangkok,82.3619361502783,19.848367280957,16.24232633279483,28.64490488559077,export-AeroSURE-024-1d.xlsx
213,2022-03-20 07:00:00,Asia/Bangkok,86.33889300621097,21.71861890932559,16.87423411802644,27.00854153678941,export-AeroSURE-024-1d.xlsx
214,2022-03-21 07:00:00,Asia/Bangkok,84.88386221916146,11.15645161290323,9.586907449209932,28.08938555249482,export-AeroSURE-024-1d.xlsx
215,2022-03-22 07:00:00,Asia/Bangkok,83.04511389281106,15.43466393722279,13.56017729287419,28.28389469512203,export-AeroSURE-024-1d.xlsx
216,2022-03-23 07:00:00,Asia/Bangkok,77.2265209107749,29.85014691478942,26.61089367253751,29.83595092958607,export-AeroSURE-024-1d.xlsx
217,2022-03-24 07:00:00,Asia/Bangkok,79.35958422263096,28.07956015523933,25.1270611057226,29.5145981000615,export-AeroSURE-024-1d.xlsx
218,2022-03-25 07:00:00,Asia/Bangkok,81.95871167743927,21.16298701298701,19.14970836033701,28.91379604801469,export-AeroSURE-024-1d.xlsx
219,2022-03-26 07:00:00,Asia/Bangkok,84.24003013970838,22.63069306930693,19.61083581103403,28.50521143167713,export-AeroSURE-024-1d.xlsx
220,2022-03-27 07:00:00,Asia/Bangkok,79.63044060522262,16.6687256176853,15.02990897269181,29.77550439421906,export-AeroSURE-024-1d.xlsx
221,2022-03-28 07:00:00,Asia/Bangkok,81.50497061789116,21.99380905832519,20.11234125691957,30.02693708358946,export-AeroSURE-024-1d.xlsx
222,2022-03-29 07:00:00,Asia/Bangkok,81.51626921966191,33.92214589466798,30.05039267015707,29.87990830414753,export-AeroSURE-024-1d.xlsx
223,2022-03-30 07:00:00,Asia/Bangkok,82.5315972962963,31.5605220228385,27.18291490055429,28.72566783817206,export-AeroSURE-024-1d.xlsx
224,2022-03-31 07:00:00,Asia/Bangkok,80.46755422841372,22.76337846550613,20.92330003222688,29.48059348345604,export-AeroSURE-024-1d.xlsx
225,2022-04-01 07:00:00,Asia/Bangkok,85.03883619675167,24.29254977520873,21.91268057784912,28.31511539993873,export-AeroSURE-024-1d.xlsx
226,2022-04-02 07:00:00,Asia/Bangkok,79.66911934622466,23.56911621884105,21.38344649207889,29.7237385819522,export-AeroSURE-024-1d.xlsx
227,2022-04-03 07:00:00,Asia/Bangkok,82.1722304119276,23.24846128927761,21.29902912621359,27.71282142637578,export-AeroSURE-024-1d.xlsx
228,2022-04-04 07:00:00,Asia/Bangkok,77.0813902812596,18.57059206245934,16.73602080624187,28.80054097247699,export-AeroSURE-024-1d.xlsx
229,2022-04-05 07:00:00,Asia/Bangkok,78.40917878481793,8.280456026058632,7.492833876221498,28.27990865932053,export-AeroSURE-024-1d.xlsx
230,2022-04-06 07:00:00,Asia/Bangkok,81.16642657318945,10.16805324459235,9.23936170212766,27.82966835903749,export-AeroSURE-024-1d.xlsx
231,2022-04-07 07:00:00,Asia/Bangkok,84.33519101694954,11.03874959296646,9.809306866254474,27.87039040073981,export-AeroSURE-024-1d.xlsx
232,2022-04-08 07:00:00,Asia/Bangkok,79.62431478194564,11.76759410801964,10.46531413612565,28.65066152273446,export-AeroSURE-024-1d.xlsx
233,2022-04-09 07:00:00,Asia/Bangkok,81.66889405422043,14.18855788761002,12.61116751269036,28.73238784325838,export-AeroSURE-024-1d.xlsx
234,2022-04-10 07:00:00,Asia/Bangkok,79.71025279262685,24.75218658892128,22.83425056652638,29.12876939151835,export-AeroSURE-024-1d.xlsx
235,2022-04-11 07:00:00,Asia/Bangkok,79.78424300920244,49.86083306425573,41.90061310100032,29.77205703101006,export-AeroSURE-024-1d.xlsx
236,2022-04-12 07:00:00,Asia/Bangkok,80.42781933722013,63.70261543429125,51.96675274370562,29.86469803620744,export-AeroSURE-024-1d.xlsx
237,2022-04-13 07:00:00,Asia/Bangkok,79.77481656674904,47.89070512820513,40.36811779769526,30.00206241112831,export-AeroSURE-024-1d.xlsx
238,2022-04-14 07:00:00,Asia/Bangkok,79.76429650648895,47.08783029400819,39.44498141263941,29.92322153981069,export-AeroSURE-024-1d.xlsx
239,2022-04-15 07:00:00,Asia/Bangkok,81.60239641896023,38.94379467186485,34.20721013316012,30.00013345671468,export-AeroSURE-024-1d.xlsx
240,2022-04-16 07:00:00,Asia/Bangkok,76.2280541561246,32.87544369151339,30.01452081316554,30.37988819950582,export-AeroSURE-024-1d.xlsx
241,2022-04-17 07:00:00,Asia/Bangkok,76.77865679042668,27.43204670775219,25.43796566245546,29.87952280405402,export-AeroSURE-024-1d.xlsx
242,2022-04-18 07:00:00,Asia/Bangkok,79.5346729675425,35.53550488599348,31.81750162654522,30.29335477427338,export-AeroSURE-024-1d.xlsx
243,2022-04-19 07:00:00,Asia/Bangkok,79.1347004341037,35.31650614413816,31.84013266998342,30.06483343847599,export-AeroSURE-024-1d.xlsx
244,2022-04-20 07:00:00,Asia/Bangkok,78.14391497683019,24.15501519756839,22.10664866689167,29.93635174799279,export-AeroSURE-024-1d.xlsx
245,2022-04-21 07:00:00,Asia/Bangkok,76.78139295619276,24.5,22.40155879362928,30.16656549180328,export-AeroSURE-024-1d.xlsx
246,2022-04-22 07:00:00,Asia/Bangkok,73.00416789975405,20.85431537962362,18.77795786061589,31.06086312730618,export-AeroSURE-024-1d.xlsx
247,2022-04-23 07:00:00,Asia/Bangkok,81.3527846838551,19.17941176470588,17.35511270826527,29.84857869471741,export-AeroSURE-024-1d.xlsx
248,2022-04-24 07:00:00,Asia/Bangkok,77.1113957037265,17.96641422456371,16.12269736842105,31.05889990749325,export-AeroSURE-024-1d.xlsx
249,2022-04-25 07:00:00,Asia/Bangkok,77.17906505987109,16.97863818424566,15.53202134756504,30.99723442874694,export-AeroSURE-024-1d.xlsx
250,2022-04-26 07:00:00,Asia/Bangkok,76.80678902980345,13.57119039679893,12.301,31.1999229333332,export-AeroSURE-024-1d.xlsx
251,2022-04-27 07:00:00,Asia/Bangkok,80.94642769963146,11.22932816537468,9.733139722491126,29.69665972341725,export-AeroSURE-024-1d.xlsx
252,2022-04-28 07:00:00,Asia/Bangkok,80.49004146146767,13.60705045278137,12.31276252019386,30.92921139742012,export-AeroSURE-024-1d.xlsx
253,2022-04-29 07:00:00,Asia/Bangkok,82.48943830755239,14.9155812831645,13.54843373493976,29.94459530268549,export-AeroSURE-024-1d.xlsx
254,2022-04-30 07:00:00,Asia/Bangkok,79.12842943378702,14.94109990237553,13.54897494305239,30.60314456939287,export-AeroSURE-024-1d.xlsx
255,2022-05-01 07:00:00,Asia/Bangkok,80.76181283099422,17.51806843620083,15.75551294343241,29.91915272588522,export-AeroSURE-024-1d.xlsx
256,2022-05-02 07:00:00,Asia/Bangkok,81.61998815261052,19.93480376256893,18.04244977316915,29.46340419115366,export-AeroSURE-024-1d.xlsx
257,2022-05-03 07:00:00,Asia/Bangkok,83.21523222462213,16.31769653833711,14.76075008082768,28.72726104694256,export-AeroSURE-024-1d.xlsx
258,2022-05-04 07:00:00,Asia/Bangkok,85.2039199508146,15.49132947976879,14.08121990369181,28.48187454517519,export-AeroSURE-024-1d.xlsx
259,2022-05-05 07:00:00,Asia/Bangkok,82.45369047721663,13.73743195645213,12.51822250639386,29.19947614602603,export-AeroSURE-024-1d.xlsx
260,2022-05-06 07:00:00,Asia/Bangkok,80.4200517591171,13.53900938815151,12.32147477360931,30.13494026662572,export-AeroSURE-024-1d.xlsx
261,2022-05-07 07:00:00,Asia/Bangkok,85.7479562631904,14.51218719532012,13.1262987012987,28.64729701117307,export-AeroSURE-024-1d.xlsx
262,2022-05-08 07:00:00,Asia/Bangkok,81.86063928024528,15.31294498381877,14.16628922678745,29.97755484532922,export-AeroSURE-024-1d.xlsx
263,2022-05-09 07:00:00,Asia/Bangkok,83.92751970163027,13.78133159268929,12.28123980424144,29.28411110153855,export-AeroSURE-024-1d.xlsx
264,2022-05-10 07:00:00,Asia/Bangkok,86.74951405063271,14.63897866839043,13.40090526996444,28.51361966646095,export-AeroSURE-024-1d.xlsx
265,2022-05-11 07:00:00,Asia/Bangkok,79.83367429032276,28.69705184683158,25.88719512195122,30.63721485151721,export-AeroSURE-024-1d.xlsx
266,2022-05-12 07:00:00,Asia/Bangkok,87.74856909732885,17.8057087252676,15.89627228525122,28.2441734909427,export-AeroSURE-024-1d.xlsx
267,2022-05-13 07:00:00,Asia/Bangkok,86.98126364779876,30.62813738441215,25.46105610561056,28.82683867924525,export-AeroSURE-024-1d.xlsx
268,2022-05-14 07:00:00,Asia/Bangkok,86.97746582010579,18.29310344827586,14.7816091954023,28.80230904761903,export-AeroSURE-024-1d.xlsx
269,2022-05-15 07:00:00,Asia/Bangkok,81.07872349282292,11.27668659265585,9.387275832621691,30.65881928201049,export-AeroSURE-024-1d.xlsx
270,2022-05-16 07:00:00,Asia/Bangkok,80.64672911660759,8.302527973477,6.640165631469979,30.4509907299843,export-AeroSURE-024-1d.xlsx
271,2022-05-17 07:00:00,Asia/Bangkok,87.36159346920034,9.292510446801671,7.687439768711854,28.19129990190082,export-AeroSURE-024-1d.xlsx
272,2022-05-18 07:00:00,Asia/Bangkok,83.32421155357706,11.04172056921087,9.247336131740393,29.29488251765469,export-AeroSURE-024-1d.xlsx
273,2022-05-19 07:00:00,Asia/Bangkok,77.81905450890122,14.60764001294917,12.56375404530744,30.90603943506285,export-AeroSURE-024-1d.xlsx
274,2022-05-20 07:00:00,Asia/Bangkok,79.5682542403697,12.32955281918341,9.854551344347263,30.25718031770512,export-AeroSURE-024-1d.xlsx
275,2022-05-21 07:00:00,Asia/Bangkok,81.43837058913769,14.07138242894057,10.98032892615285,29.58699730285386,export-AeroSURE-024-1d.xlsx
276,2022-05-22 07:00:00,Asia/Bangkok,78.89542999379452,16.04259501965924,11.5528295714753,30.30083778571414,export-AeroSURE-024-1d.xlsx
277,2022-05-23 07:00:00,Asia/Bangkok,77.60434940136489,11.64255319148936,8.31086387434555,30.87664106389569,export-AeroSURE-024-1d.xlsx
278,2022-05-24 07:00:00,Asia/Bangkok,76.27210480780973,13.41434518091579,11.23503041946846,31.30468166056165,export-AeroSURE-024-1d.xlsx
279,2022-05-25 07:00:00,Asia/Bangkok,76.62513498918753,15.31689677843524,13.20414201183432,31.31340923338471,export-AeroSURE-024-1d.xlsx
280,2022-05-26 07:00:00,Asia/Bangkok,77.65731905885954,13.52869116698904,11.27536231884058,30.89280188899104,export-AeroSURE-024-1d.xlsx
281,2022-05-27 07:00:00,Asia/Bangkok,76.15113000305931,8.630883301096068,6.377777777777778,31.22770234394101,export-AeroSURE-024-1d.xlsx
282,2022-05-28 07:00:00,Asia/Bangkok,78.49107465260528,11.01945525291829,8.139338950097214,30.3054886153367,export-AeroSURE-024-1d.xlsx
283,2022-05-29 07:00:00,Asia/Bangkok,82.56351645974216,14.21451509312781,9.845906902086677,28.84512084281758,export-AeroSURE-024-1d.xlsx
284,2022-05-30 07:00:00,Asia/Bangkok,85.37683603987733,14.72773862908392,10.36896,28.01795640883988,export-AeroSURE-024-1d.xlsx
285,2022-05-31 07:00:00,Asia/Bangkok,86.99413512646503,15.5140731154966,11.62491930277598,27.64713218209878,export-AeroSURE-024-1d.xlsx
286,2022-06-01 07:00:00,Asia/Bangkok,85.28763150107686,14.83960720130933,11.78010471204188,28.6077452093595,export-AeroSURE-024-1d.xlsx
287,2022-06-02 07:00:00,Asia/Bangkok,83.8182679693252,8.694948827996038,6.62434036939314,28.68288570070543,export-AeroSURE-024-1d.xlsx
288,2022-06-03 07:00:00,Asia/Bangkok,79.80613093597556,11.81704980842912,9.331313775510203,29.56306435975593,export-AeroSURE-024-1d.xlsx
289,2022-06-04 07:00:00,Asia/Bangkok,80.72079423551173,8.591186876809264,6.50498552589257,29.52199834927506,export-AeroSURE-024-1d.xlsx
290,2022-06-05 07:00:00,Asia/Bangkok,81.96436672217102,8.885352387138681,6.968537139150178,28.90301745757505,export-AeroSURE-024-1d.xlsx
291,2022-06-06 07:00:00,Asia/Bangkok,83.23471013748829,9.806129032258065,8.32495164410058,29.02145621712556,export-AeroSURE-024-1d.xlsx
292,2022-06-07 07:00:00,Asia/Bangkok,79.18717473684195,10.61662286465177,9.254682878738087,30.04239819852944,export-AeroSURE-024-1d.xlsx
293,2022-06-08 07:00:00,Asia/Bangkok,82.14557669110921,8.8751225890814,7.331480876103302,28.72789557356979,export-AeroSURE-024-1d.xlsx
294,2022-06-09 07:00:00,Asia/Bangkok,81.68730832816388,9.197559366754618,7.763522427440633,29.10665565082334,export-AeroSURE-024-1d.xlsx
295,2022-06-10 07:00:00,Asia/Bangkok,80.49223955692317,7.834144758195391,6.425559519948102,29.76833448445662,export-AeroSURE-024-1d.xlsx
296,2022-06-11 07:00:00,Asia/Bangkok,82.57240886398519,8.893934479403178,7.201490119857467,28.45613262446233,export-AeroSURE-024-1d.xlsx
297,2022-06-12 07:00:00,Asia/Bangkok,85.50214255900617,13.05703048180924,10.66306483300589,27.427327636646,export-AeroSURE-024-1d.xlsx
298,2022-06-13 07:00:00,Asia/Bangkok,80.27809582230634,10.30713342140026,8.431540745628505,29.41250379451627,export-AeroSURE-024-1d.xlsx
299,2022-06-14 07:00:00,Asia/Bangkok,78.47717712752893,11.85063045586809,9.792245557350565,30.10159685258978,export-AeroSURE-024-1d.xlsx
300,2022-06-15 07:00:00,Asia/Bangkok,83.52097281806996,12.18359500160205,10.31582319026265,28.9590153120197,export-AeroSURE-024-1d.xlsx
301,2022-06-16 07:00:00,Asia/Bangkok,86.20883918835189,10.84959216965742,9.451223491027733,27.8232627867327,export-AeroSURE-024-1d.xlsx
302,2022-06-17 07:00:00,Asia/Bangkok,82.04574594512201,12.46405648267009,11.22275641025641,29.18894450747173,export-AeroSURE-024-1d.xlsx
303,2022-06-18 07:00:00,Asia/Bangkok,81.96885533599247,17.22804163955758,15.32174195645109,29.09417967464713,export-AeroSURE-024-1d.xlsx
304,2022-06-19 07:00:00,Asia/Bangkok,84.386385715602,15.69349150368708,13.66495671689644,28.73680567127483,export-AeroSURE-024-1d.xlsx
305,2022-06-20 07:00:00,Asia/Bangkok,81.7579464927892,12.36897880539499,10.79204107830552,29.48594415540536,export-AeroSURE-024-1d.xlsx
306,2022-06-21 07:00:00,Asia/Bangkok,86.45467965930035,9.772003897369276,8.336688311688311,28.38148587223572,export-AeroSURE-024-1d.xlsx
307,2022-06-22 07:00:00,Asia/Bangkok,83.93721858262788,8.500332889480692,7.180306054557551,28.47828231493092,export-AeroSURE-024-1d.xlsx
308,2022-06-23 07:00:00,Asia/Bangkok,81.14467557505466,7.991127177127835,6.857189757058437,28.72508227514896,export-AeroSURE-024-1d.xlsx
309,2022-06-24 07:00:00,Asia/Bangkok,85.58367684436271,11.35455720749838,9.084975767366721,27.75006822249457,export-AeroSURE-024-1d.xlsx
310,2022-06-25 07:00:00,Asia/Bangkok,88.94835223806581,11.79272254710851,9.77442388834794,26.82258360732003,export-AeroSURE-024-1d.xlsx
311,2022-06-26 07:00:00,Asia/Bangkok,81.44351083256807,8.916504223521768,7.198896820246593,28.96157382614025,export-AeroSURE-024-1d.xlsx
312,2022-06-27 07:00:00,Asia/Bangkok,81.43925259270615,12.47096774193548,10.7084811351177,29.02308458307797,export-AeroSURE-024-1d.xlsx
313,2022-06-28 07:00:00,Asia/Bangkok,78.64373228307676,13.78621794871795,12.17969250480461,29.92749114839912,export-AeroSURE-024-1d.xlsx
314,2022-06-29 07:00:00,Asia/Bangkok,78.88292948820106,8.659859390693002,7.064235530277685,30.25444555623667,export-AeroSURE-024-1d.xlsx
315,2022-06-30 07:00:00,Asia/Bangkok,77.780646436923,12.29869281045752,9.656535947712419,30.58700884544319,export-AeroSURE-024-1d.xlsx
316,2022-07-01 07:00:00,Asia/Bangkok,77.04796983805663,14.23527476143468,10.96906877262257,30.36127649111862,export-AeroSURE-024-1d.xlsx
317,2022-07-02 07:00:00,Asia/Bangkok,83.95618625576401,11.64654615881214,8.873589164785553,29.34969655904064,export-AeroSURE-024-1d.xlsx
318,2022-07-03 07:00:00,Asia/Bangkok,81.7634847534458,12.32310704960836,10.59249592169657,29.19108946723826,export-AeroSURE-024-1d.xlsx
319,2022-07-04 07:00:00,Asia/Bangkok,77.40834450400492,13.55620532813515,11.44311183144246,30.20546073629086,export-AeroSURE-024-1d.xlsx
320,2022-07-05 07:00:00,Asia/Bangkok,86.46411060915256,17.89231268245216,13.37516212710765,27.46567143431229,export-AeroSURE-024-1d.xlsx
321,2022-07-06 07:00:00,Asia/Bangkok,84.50045583384232,14.41919844861021,10.92630898513251,29.00210629505193,export-AeroSURE-024-1d.xlsx
322,2022-07-07 07:00:00,Asia/Bangkok,89.68914228440023,21.58608058608059,18.0479674796748,27.65088646607887,export-AeroSURE-024-1d.xlsx
323,2022-07-08 07:00:00,Asia/Bangkok,82.08477067567578,17.30884265279584,14.33853658536585,29.6847578569236,export-AeroSURE-024-1d.xlsx
324,2022-07-09 07:00:00,Asia/Bangkok,81.74600473571671,15.76178262263546,12.07813000320205,29.5574081926606,export-AeroSURE-024-1d.xlsx
325,2022-07-10 07:00:00,Asia/Bangkok,84.29047699601128,15.44746201099256,12.08042635658915,28.60030881595091,export-AeroSURE-024-1d.xlsx
326,2022-07-11 07:00:00,Asia/Bangkok,80.82665445805247,12.18550724637681,9.015122265122265,30.0070979424374,export-AeroSURE-024-1d.xlsx
327,2022-07-12 07:00:00,Asia/Bangkok,84.33291790683435,15.19473007712082,10.74270131536734,28.6817034763949,export-AeroSURE-024-1d.xlsx
328,2022-07-13 07:00:00,Asia/Bangkok,86.29225817600467,11.74594419208306,8.272049286640726,27.82715714198683,export-AeroSURE-024-1d.xlsx
329,2022-07-14 07:00:00,Asia/Bangkok,85.97582170754141,14.91976706567454,11.15757184371973,28.60367297454764,export-AeroSURE-024-1d.xlsx
330,2022-07-15 07:00:00,Asia/Bangkok,81.28807545957564,10.93768162738134,7.590703679793415,29.96257795880718,export-AeroSURE-024-1d.xlsx
331,2022-07-16 07:00:00,Asia/Bangkok,82.0001042053791,14.24519230769231,10.83979493752003,29.64617532558853,export-AeroSURE-024-1d.xlsx
332,2022-07-17 07:00:00,Asia/Bangkok,85.24301709023939,16.11937830687831,13.14502808060786,28.85363087810878,export-AeroSURE-024-1d.xlsx
333,2022-07-18 07:00:00,Asia/Bangkok,86.57357617359416,16.17124664879357,13.37600536193029,28.58440841075801,export-AeroSURE-024-1d.xlsx
334,2022-07-19 07:00:00,Asia/Bangkok,80.66009537779135,11.26164294954722,9.397220426632192,29.7764778647903,export-AeroSURE-024-1d.xlsx
335,2022-07-20 07:00:00,Asia/Bangkok,79.62033570070543,10.75846501128668,8.884875846501128,30.11332207425593,export-AeroSURE-024-1d.xlsx
336,2022-07-21 07:00:00,Asia/Bangkok,83.99920440761204,13.15654952076677,10.1843112244898,29.1305987104697,export-AeroSURE-024-1d.xlsx
337,2022-07-22 07:00:00,Asia/Bangkok,84.8011324866729,11.27580484566877,8.62272275587943,29.13962993410748,export-AeroSURE-024-1d.xlsx
338,2022-07-23 07:00:00,Asia/Bangkok,83.3337058721292,9.87913527677694,8.00359947643979,29.14484763500933,export-AeroSURE-024-1d.xlsx
339,2022-07-24 07:00:00,Asia/Bangkok,81.88285137595109,6.884935897435898,5.214674783723166,29.04040045980517,export-AeroSURE-024-1d.xlsx
340,2022-07-25 07:00:00,Asia/Bangkok,79.90716470461525,8.189683317009468,6.729288975864319,29.28655409846152,export-AeroSURE-024-1d.xlsx
341,2022-07-26 07:00:00,Asia/Bangkok,81.03806136948523,9.725515886013756,8.462017026850033,29.30576807668706,export-AeroSURE-024-1d.xlsx
342,2022-07-27 07:00:00,Asia/Bangkok,82.57296191548456,16.24038145346925,14.65703022339028,29.34302380012354,export-AeroSURE-024-1d.xlsx
343,2022-07-28 07:00:00,Asia/Bangkok,82.15229176597717,13.34140826873385,11.95124313852115,29.29800336321497,export-AeroSURE-024-1d.xlsx
344,2022-07-29 07:00:00,Asia/Bangkok,84.3610474739103,17.14020486555698,15.60851472471191,28.99859161141822,export-AeroSURE-024-1d.xlsx
345,2022-07-30 07:00:00,Asia/Bangkok,83.63404655330858,12.62176165803109,11.02460343153124,28.98612022977939,export-AeroSURE-024-1d.xlsx
346,2022-07-31 07:00:00,Asia/Bangkok,77.41126831801446,8.348965071151358,6.338720103425985,30.40847501532806,export-AeroSURE-024-1d.xlsx
347,2022-08-01 07:00:00,Asia/Bangkok,78.31796474327625,6.884789644012945,4.982546864899806,30.10895730804512,export-AeroSURE-024-1d.xlsx
348,2022-08-02 07:00:00,Asia/Bangkok,89.9077503990105,14.79973736047275,11.70547720564119,27.46683357054452,export-AeroSURE-024-1d.xlsx
349,2022-08-03 07:00:00,Asia/Bangkok,88.30115549632318,13.05519897304236,9.881937760667308,27.46875649310876,export-AeroSURE-024-1d.xlsx
350,2022-08-04 07:00:00,Asia/Bangkok,86.37889454573255,12.99903443836498,10.9041184041184,28.13901156814695,export-AeroSURE-024-1d.xlsx
351,2022-08-05 07:00:00,Asia/Bangkok,85.77499868887554,20.39078608247423,18.19362113402062,28.29069368276306,export-AeroSURE-024-1d.xlsx
352,2022-08-06 07:00:00,Asia/Bangkok,77.73851701195223,13.70689097379489,11.4846328049175,29.89731193746158,export-AeroSURE-024-1d.xlsx
353,2022-08-07 07:00:00,Asia/Bangkok,78.60940908813654,10.75278396436526,7.994276629570747,29.59440609942021,export-AeroSURE-024-1d.xlsx
354,2022-08-08 07:00:00,Asia/Bangkok,79.60490994505486,17.85075114304376,15.9128305582762,29.79896689465654,export-AeroSURE-024-1d.xlsx
355,2022-08-09 07:00:00,Asia/Bangkok,77.81675937441939,20.67571101667211,18.09046374918354,30.20577425387014,export-AeroSURE-024-1d.xlsx
356,2022-08-10 07:00:00,Asia/Bangkok,77.76034550638812,11.67872271098078,9.356887007489417,30.32570520586397,export-AeroSURE-024-1d.xlsx
357,2022-08-11 07:00:00,Asia/Bangkok,76.60985894060019,9.159922928709056,7.264441591784339,30.38456151561548,export-AeroSURE-024-1d.xlsx
358,2022-08-12 07:00:00,Asia/Bangkok,75.69810362301104,8.251445086705202,6.681759794476558,30.34935921616663,export-AeroSURE-024-1d.xlsx
359,2022-08-13 07:00:00,Asia/Bangkok,73.7561330030582,9.780280770486451,7.918107667210441,30.54704384756622,export-AeroSURE-024-1d.xlsx
360,2022-08-14 07:00:00,Asia/Bangkok,77.23880391157499,13.2022070756248,11.40596627756161,30.43276384709847,export-AeroSURE-024-1d.xlsx
361,2022-08-15 07:00:00,Asia/Bangkok,77.8136023577981,8.448041437358368,7.270462633451957,29.97700686238542,export-AeroSURE-024-1d.xlsx
362,2022-08-16 07:00:00,Asia/Bangkok,77.07263030721967,10.7043028146231,9.218810601163542,30.36349883870968,export-AeroSURE-024-1d.xlsx
363,2022-08-17 07:00:00,Asia/Bangkok,83.34198045496446,11.5492277992278,9.37202572347267,28.796220925869,export-AeroSURE-024-1d.xlsx
364,2022-08-18 07:00:00,Asia/Bangkok,84.04969635773867,8.002286087524494,6.320508640365178,28.72323849721726,export-AeroSURE-024-1d.xlsx
365,2022-08-19 07:00:00,Asia/Bangkok,77.92872976687114,10.11179720506987,8.448667966211826,29.96951737730051,export-AeroSURE-024-1d.xlsx
366,2022-08-20 07:00:00,Asia/Bangkok,80.06713161270602,9.9338683788122,8.426829268292684,29.2471037102689,export-AeroSURE-024-1d.xlsx
367,2022-08-21 07:00:00,Asia/Bangkok,81.70390968740405,7.327731092436975,5.707592891760905,29.24963143470292,export-AeroSURE-024-1d.xlsx
368,2022-08-22 07:00:00,Asia/Bangkok,85.76416573264011,12.05729833546735,9.16,28.2028795439242,export-AeroSURE-024-1d.xlsx
369,2022-08-23 07:00:00,Asia/Bangkok,84.3058676189014,8.09748743718593,5.85455764075067,28.13427032258066,export-AeroSURE-024-1d.xlsx
370,2022-08-24 07:00:00,Asia/Bangkok,84.26335027581949,14.42006578947368,11.52235371466141,28.89742115986505,export-AeroSURE-024-1d.xlsx
371,2022-08-25 07:00:00,Asia/Bangkok,87.43926091549288,13.1839378238342,10.76577159495309,28.09849184436258,export-AeroSURE-024-1d.xlsx
372,2022-08-26 07:00:00,Asia/Bangkok,87.80247537071078,14.73879641485275,12.20492327365729,27.99029659300178,export-AeroSURE-024-1d.xlsx
373,2022-08-27 07:00:00,Asia/Bangkok,87.08916746769233,25.70326797385621,23.7416721097322,27.39544968923058,export-AeroSURE-024-1d.xlsx
374,2022-08-28 07:00:00,Asia/Bangkok,87.3029521067073,10.34633989035795,8.406965495001613,27.45532969817059,export-AeroSURE-024-1d.xlsx
375,2022-08-29 07:00:00,Asia/Bangkok,84.285090195539,9.615384615384615,7.861712439418417,28.57956657806306,export-AeroSURE-024-1d.xlsx
376,2022-08-30 07:00:00,Asia/Bangkok,83.10807834662569,10.87387096774193,8.888100612705578,28.76669130488171,export-AeroSURE-024-1d.xlsx
377,2022-08-31 07:00:00,Asia/Bangkok,84.62210431108399,9.37443365695793,8.102199223803364,28.05665495252705,export-AeroSURE-024-1d.xlsx
378,2022-09-01 07:00:00,Asia/Bangkok,82.37670585858551,9.86694587628866,8.518018018018019,29.17118913682275,export-AeroSURE-024-1d.xlsx
379,2022-09-02 07:00:00,Asia/Bangkok,84.1270681196583,9.293053311793216,7.797546012269938,28.50695177709942,export-AeroSURE-024-1d.xlsx
380,2022-09-03 07:00:00,Asia/Bangkok,85.88349874770357,8.263362487852284,6.629533678756476,28.24708516079641,export-AeroSURE-024-1d.xlsx
381,2022-09-04 07:00:00,Asia/Bangkok,83.89139457923834,9.756302521008404,7.31233850129199,28.76966402150543,export-AeroSURE-024-1d.xlsx
382,2022-09-05 07:00:00,Asia/Bangkok,79.68920777301915,9.988651102464331,7.717666126418153,29.45451369645038,export-AeroSURE-024-1d.xlsx
383,2022-09-06 07:00:00,Asia/Bangkok,80.39259057562752,10.29761114797611,8.256631299734748,29.3769428177643,export-AeroSURE-024-1d.xlsx
384,2022-09-07 07:00:00,Asia/Bangkok,81.25421584155352,9.984989993328886,7.697,29.08006616594698,export-AeroSURE-024-1d.xlsx
385,2022-09-08 07:00:00,Asia/Bangkok,83.0314073616236,9.51029601029601,6.818649517684888,28.63339527837572,export-AeroSURE-024-1d.xlsx
386,2022-09-09 07:00:00,Asia/Bangkok,76.27546563228994,12.32001289075089,10.03639291465378,29.71184697053431,export-AeroSURE-024-1d.xlsx
387,2022-09-10 07:00:00,Asia/Bangkok,78.03110748238916,13.07834250566526,11.07540453074434,29.59260660331103,export-AeroSURE-024-1d.xlsx
388,2022-09-11 07:00:00,Asia/Bangkok,77.04351958358852,16.1324459234609,14.24126455906822,29.84301955589586,export-AeroSURE-024-1d.xlsx
389,2022-09-12 07:00:00,Asia/Bangkok,76.36884038543887,13.15449256625727,11.00872093023256,30.11843608017129,export-AeroSURE-024-1d.xlsx
390,2022-09-13 07:00:00,Asia/Bangkok,85.50977014993892,17.12955729166667,14.62569105691057,27.99278168298674,export-AeroSURE-024-1d.xlsx
391,2022-09-14 07:00:00,Asia/Bangkok,83.67167903386142,14.43126421839454,12.11862203444914,27.76754607654007,export-AeroSURE-024-1d.xlsx
392,2022-09-15 07:00:00,Asia/Bangkok,79.50746144345682,13.75868664328977,11.57142857142857,28.8888414136769,export-AeroSURE-024-1d.xlsx
393,2022-09-16 07:00:00,Asia/Bangkok,79.48338576757081,17.81619327456742,15.55772994129159,29.40402807087842,export-AeroSURE-024-1d.xlsx
394,2022-09-17 07:00:00,Asia/Bangkok,79.29289781010729,11.46959349593496,9.799414824447334,29.46995849571076,export-AeroSURE-024-1d.xlsx
395,2022-09-18 07:00:00,Asia/Bangkok,76.45553515514594,11.00999033193684,9.190522243713733,29.99712895448957,export-AeroSURE-024-1d.xlsx
396,2022-09-19 07:00:00,Asia/Bangkok,77.57423526687104,11.09749756256094,8.971753246753247,29.86144958282223,export-AeroSURE-024-1d.xlsx
397,2022-09-20 07:00:00,Asia/Bangkok,79.16732814074996,12.65287653522948,10.70417070805044,29.59222589121107,export-AeroSURE-024-1d.xlsx
398,2022-09-21 07:00:00,Asia/Bangkok,82.64744509671482,12.51870967741936,10.28700419219607,28.69998474976961,export-AeroSURE-024-1d.xlsx
399,2022-09-22 07:00:00,Asia/Bangkok,81.42904768668072,11.35880077369439,9.318284424379232,28.60239950320026,export-AeroSURE-024-1d.xlsx
400,2022-09-23 07:00:00,Asia/Bangkok,84.14486355875175,13.82307193778354,11.29168015539009,28.25465238066105,export-AeroSURE-024-1d.xlsx
401,2022-09-24 07:00:00,Asia/Bangkok,88.15074647636571,12.41494178525226,10.36425339366516,27.21378476497677,export-AeroSURE-024-1d.xlsx
402,2022-09-25 07:00:00,Asia/Bangkok,84.43015662381382,12.7329755115733,10.78403755868545,28.28976660544826,export-AeroSURE-024-1d.xlsx
403,2022-09-26 07:00:00,Asia/Bangkok,87.14440411528946,26.47606727037516,23.09857789269554,28.16638351417999,export-AeroSURE-024-1d.xlsx
404,2022-09-27 07:00:00,Asia/Bangkok,81.74212074108215,15.59340659340659,13.65654281098546,29.12971336103425,export-AeroSURE-024-1d.xlsx
405,2022-09-28 07:00:00,Asia/Bangkok,80.68135465252152,10.2804163955758,7.958373983739837,29.3933052644525,export-AeroSURE-024-1d.xlsx
406,2022-09-29 07:00:00,Asia/Bangkok,83.2613151388032,10.7028164454516,7.686084142394822,28.48938300030825,export-AeroSURE-024-1d.xlsx
407,2022-09-30 07:00:00,Asia/Bangkok,86.43545813716403,12.62314156431803,9.082660639328383,27.64188862793595,export-AeroSURE-024-1d.xlsx
408,2022-10-01 07:00:00,Asia/Bangkok,88.36296468416242,16.57441337190614,12.57666345226615,26.90390797921119,export-AeroSURE-024-1d.xlsx
409,2022-10-02 07:00:00,Asia/Bangkok,85.68582601045834,12.5076224456698,9.449449125081012,27.43333639384617,export-AeroSURE-024-1d.xlsx
410,2022-10-03 07:00:00,Asia/Bangkok,86.6728550461253,14.67505646982898,11.86077989042862,28.51974129966114,export-AeroSURE-024-1d.xlsx
411,2022-10-04 07:00:00,Asia/Bangkok,88.50817415186741,13.99065420560748,11.52594263615856,27.46847837672269,export-AeroSURE-024-1d.xlsx
412,2022-10-05 07:00:00,Asia/Bangkok,86.96231266789302,13.08126631853786,11.30538336052202,27.63003215884698,export-AeroSURE-024-1d.xlsx
413,2022-10-06 07:00:00,Asia/Bangkok,84.0584457684082,6.592963202065849,5.828709677419355,28.34706727689493,export-AeroSURE-024-1d.xlsx
414,2022-10-07 07:00:00,Asia/Bangkok,83.69629286065062,10.47319422150883,9.459416105229387,28.3180470801352,export-AeroSURE-024-1d.xlsx
415,2022-10-08 07:00:00,Asia/Bangkok,89.67303254763371,10.37292547998698,9.209173715029278,26.71604290104506,export-AeroSURE-024-1d.xlsx
416,2022-10-09 07:00:00,Asia/Bangkok,83.93209045524456,16.51076320939335,14.71586836102965,27.86669621846147,export-AeroSURE-024-1d.xlsx
417,2022-10-10 07:00:00,Asia/Bangkok,87.80158638846254,18.27246469833119,16.6669874879692,27.04318341208966,export-AeroSURE-024-1d.xlsx
418,2022-10-11 07:00:00,Asia/Bangkok,84.39179784223431,17.13097913322633,15.36730769230769,27.84829249692879,export-AeroSURE-024-1d.xlsx
419,2022-10-12 07:00:00,Asia/Bangkok,81.00204571953444,9.151710781149129,7.894193548387097,28.65028821330077,export-AeroSURE-024-1d.xlsx
420,2022-10-13 07:00:00,Asia/Bangkok,78.30627089960102,9.637568703524087,8.369424692954105,29.20228682529936,export-AeroSURE-024-1d.xlsx
421,2022-10-14 07:00:00,Asia/Bangkok,83.51916094229611,10.18677792041078,8.727476755370311,28.14671381332509,export-AeroSURE-024-1d.xlsx
422,2022-10-15 07:00:00,Asia/Bangkok,84.22789644239633,17.54180064308682,15.51557982653389,27.67932746080542,export-AeroSURE-024-1d.xlsx
423,2022-10-16 07:00:00,Asia/Bangkok,89.37138287910547,8.467842704887909,6.274229074889868,26.67740678895884,export-AeroSURE-024-1d.xlsx
424,2022-10-17 07:00:00,Asia/Bangkok,90.35335694724002,24.76061903193941,21.74078947368421,26.60607311680409,export-AeroSURE-024-1d.xlsx
425,2022-10-18 07:00:00,Asia/Bangkok,91.69072547945184,14.63413816230718,11.5985254691689,26.28436855586687,export-AeroSURE-024-1d.xlsx
426,2022-10-19 07:00:00,Asia/Bangkok,93.44441279583071,18.35265385867795,15.58867556134071,26.1320324057617,export-AeroSURE-024-1d.xlsx
427,2022-10-20 07:00:00,Asia/Bangkok,93.7434609975521,22.82685512367491,18.44012841091493,26.17564342516076,export-AeroSURE-024-1d.xlsx
428,2022-10-21 07:00:00,Asia/Bangkok,91.86780735458447,13.8546209761163,11.2159169550173,26.80638314370292,export-AeroSURE-024-1d.xlsx
429,2022-10-22 07:00:00,Asia/Bangkok,89.03641224923051,17.41736876215165,14.76407766990291,27.40366377306273,export-AeroSURE-024-1d.xlsx
430,2022-10-23 07:00:00,Asia/Bangkok,88.05427916564412,15.45771465461588,13.16940948693127,27.35508291679485,export-AeroSURE-024-1d.xlsx
431,2022-10-24 07:00:00,Asia/Bangkok,85.12429646831771,8.706349206349206,7.255260434632632,28.04998608234178,export-AeroSURE-024-1d.xlsx
432,2022-10-25 07:00:00,Asia/Bangkok,85.26444747917307,16.03285621340273,13.60207724764687,27.96916571472698,export-AeroSURE-024-1d.xlsx
433,2022-10-26 07:00:00,Asia/Bangkok,84.12898369036611,11.92045454545454,9.974350649350649,28.76885904835231,export-AeroSURE-024-1d.xlsx
434,2022-10-27 07:00:00,Asia/Bangkok,84.62174049428478,12.86632057105775,11.10696920583468,28.80427865182422,export-AeroSURE-024-1d.xlsx
435,2022-10-28 07:00:00,Asia/Bangkok,87.5134023346664,25.43957460522076,23.13135866065679,27.97669672615376,export-AeroSURE-024-1d.xlsx
436,2022-10-29 07:00:00,Asia/Bangkok,90.1714030691556,27.44458804523425,24.86300484652666,26.93837461585587,export-AeroSURE-024-1d.xlsx
437,2022-10-30 07:00:00,Asia/Bangkok,84.51123435528325,19.96836902800659,17.68313570487484,28.12396701899509,export-AeroSURE-024-1d.xlsx
438,2022-10-31 07:00:00,Asia/Bangkok,84.44924966205829,18.03586566677535,15.998046875,28.26287087584492,export-AeroSURE-024-1d.xlsx
439,2022-11-01 07:00:00,Asia/Bangkok,87.36940312289295,28.75056179775281,25.65618986529827,27.50524020839713,export-AeroSURE-024-1d.xlsx
440,2022-11-02 07:00:00,Asia/Bangkok,83.61945181535596,48.2607849497243,40.49935149156939,28.14473584888058,export-AeroSURE-024-1d.xlsx
441,2022-11-03 07:00:00,Asia/Bangkok,77.88829766942638,37.48497576736672,32.53165374677003,28.26588590490823,export-AeroSURE-024-1d.xlsx
442,2022-11-04 07:00:00,Asia/Bangkok,74.17648214460792,32.22146341463414,29.0220922677063,28.58810543977948,export-AeroSURE-024-1d.xlsx
443,2022-11-05 07:00:00,Asia/Bangkok,79.5171416078551,28.61235772357724,26.33354985384865,27.74456205159708,export-AeroSURE-024-1d.xlsx
444,2022-11-06 07:00:00,Asia/Bangkok,87.64610835067342,21.05261469361566,19.2386144964721,27.29798142332403,export-AeroSURE-024-1d.xlsx
445,2022-11-07 07:00:00,Asia/Bangkok,89.00232957808541,12.56047197640118,11.45773263433814,26.91813224322631,export-AeroSURE-024-1d.xlsx
446,2022-11-08 07:00:00,Asia/Bangkok,85.77730206807125,10.67286501377411,9.583476764199656,27.43323646258476,export-AeroSURE-024-1d.xlsx
447,2022-11-09 07:00:00,Asia/Bangkok,83.62540884808017,15.69492703266157,14.04349338900487,28.2103220801335,export-AeroSURE-024-1d.xlsx
448,2022-11-10 07:00:00,Asia/Bangkok,81.99408742808234,29.6451029996386,26.65787572254335,28.69632032511986,export-AeroSURE-024-1d.xlsx
449,2022-11-11 07:00:00,Asia/Bangkok,76.5019797341089,35.66248377325833,31.65223040277176,28.97126041908717,export-AeroSURE-024-1d.xlsx
450,2022-11-12 07:00:00,Asia/Bangkok,80.51377711960957,39.77417962003454,34.20743301642178,28.43940984552832,export-AeroSURE-024-1d.xlsx
451,2022-11-13 07:00:00,Asia/Bangkok,84.76985351476006,31.16904761904762,28.42782277274893,27.43062037361614,export-AeroSURE-024-1d.xlsx
452,2022-11-14 07:00:00,Asia/Bangkok,80.48400507890108,22.46168341708543,20.1024512884978,29.17370973099408,export-AeroSURE-024-1d.xlsx
453,2022-11-15 07:00:00,Asia/Bangkok,89.644846431493,22.4535864978903,20.67653276955603,26.62492560327187,export-AeroSURE-024-1d.xlsx
454,2022-11-16 07:00:00,Asia/Bangkok,88.92299926717558,23.09166666666667,21.50083194675541,26.83551555725191,export-AeroSURE-024-1d.xlsx
455,2022-11-17 07:00:00,Asia/Bangkok,83.02090075167786,23.53135160241523,21.01811425917325,28.81167744519024,export-AeroSURE-024-1d.xlsx
456,2022-11-18 07:00:00,Asia/Bangkok,84.51946508944035,11.5793795620438,10.40419708029197,28.22348746893989,export-AeroSURE-024-1d.xlsx
457,2022-11-19 07:00:00,Asia/Bangkok,86.2940523932585,12.46094901267315,10.94419840566873,27.65403781302645,export-AeroSURE-024-1d.xlsx
458,2022-11-20 07:00:00,Asia/Bangkok,82.18060727607363,11.07370453813969,9.687580437580438,28.39727206875376,export-AeroSURE-024-1d.xlsx
459,2022-11-21 07:00:00,Asia/Bangkok,83.64603941789208,11.17572815533981,9.747736093143596,28.37477236664621,export-AeroSURE-024-1d.xlsx
460,2022-11-22 07:00:00,Asia/Bangkok,85.85714063980318,15.54308093994778,13.66688396349413,28.04754219692314,export-AeroSURE-024-1d.xlsx
461,2022-11-23 07:00:00,Asia/Bangkok,89.54999643695925,11.22157434402332,9.768284789644014,26.58671784610639,export-AeroSURE-024-1d.xlsx
462,2022-11-24 07:00:00,Asia/Bangkok,87.89431934602396,13.1348023331173,11.51035598705502,27.16072879643863,export-AeroSURE-024-1d.xlsx
463,2022-11-25 07:00:00,Asia/Bangkok,87.02123043932421,14.15683130211674,12.54985572298814,27.36470968951737,export-AeroSURE-024-1d.xlsx
464,2022-11-26 07:00:00,Asia/Bangkok,87.85283272699387,16.16758330637334,14.60122897800776,27.8364646777163,export-AeroSURE-024-1d.xlsx
465,2022-11-27 07:00:00,Asia/Bangkok,86.97758718952223,29.49541884816754,26.80111220150474,27.81545568476226,export-AeroSURE-024-1d.xlsx
466,2022-11-28 07:00:00,Asia/Bangkok,82.31027632141736,28.05293737895416,25.4990328820116,28.64776931255721,export-AeroSURE-024-1d.xlsx
467,2022-11-29 07:00:00,Asia/Bangkok,81.66542106715741,24.05955092743248,21.88816644993498,28.79518365644197,export-AeroSURE-024-1d.xlsx
468,2022-11-30 07:00:00,Asia/Bangkok,82.23921085073708,18.86949481865285,17.0407898996439,28.93781358415222,export-AeroSURE-024-1d.xlsx
469,2022-12-01 07:00:00,Asia/Bangkok,81.62127663206097,15.79330328396652,14.40135178628903,28.97345523664145,export-AeroSURE-024-1d.xlsx
470,2022-12-02 07:00:00,Asia/Bangkok,81.40382045218466,18.85152979066023,17.3194847020934,28.7335665444547,export-AeroSURE-024-1d.xlsx
471,2022-12-03 07:00:00,Asia/Bangkok,84.45391083231345,19.67767799871713,18.19294871794872,28.12969974602199,export-AeroSURE-024-1d.xlsx
472,2022-12-04 07:00:00,Asia/Bangkok,85.09095036052555,13.44569771189172,11.96165001611344,27.17796460973365,export-AeroSURE-024-1d.xlsx
473,2022-12-05 07:00:00,Asia/Bangkok,84.96512916206264,4.715342553875844,4.166452442159383,27.14967815224088,export-AeroSURE-024-1d.xlsx
474,2022-12-06 07:00:00,Asia/Bangkok,87.02837484346226,5.934235976789168,5.198711755233495,26.74379308164516,export-AeroSURE-024-1d.xlsx
475,2022-12-07 07:00:00,Asia/Bangkok,82.64876469425027,8.981952948759265,7.77319587628866,28.37827329479806,export-AeroSURE-024-1d.xlsx
476,2022-12-08 07:00:00,Asia/Bangkok,79.18914108929117,14.53139306736429,12.67450980392157,29.27647881251914,export-AeroSURE-024-1d.xlsx
477,2022-12-09 07:00:00,Asia/Bangkok,84.99438135960891,12.24514877102199,10.89728682170543,27.19081252673386,export-AeroSURE-024-1d.xlsx
478,2022-12-10 07:00:00,Asia/Bangkok,87.1298702823817,21.86170212765957,19.84679755391052,26.68544771568929,export-AeroSURE-024-1d.xlsx
479,2022-12-11 07:00:00,Asia/Bangkok,81.12553046839912,23.82050420168067,22.00033613445378,28.44824913350458,export-AeroSURE-024-1d.xlsx
480,2022-12-12 07:00:00,Asia/Bangkok,83.77446747235882,21.92297776345472,19.79961340206185,27.48392533947756,export-AeroSURE-024-1d.xlsx
481,2022-12-13 07:00:00,Asia/Bangkok,82.09598072193344,17.61066495342114,16.12712680577849,27.76603620140795,export-AeroSURE-024-1d.xlsx
482,2022-12-14 07:00:00,Asia/Bangkok,79.45863534271717,21.33517017828201,19.50372529964367,27.93779578206288,export-AeroSURE-024-1d.xlsx
483,2022-12-15 07:00:00,Asia/Bangkok,76.35607026009782,28.61464662615926,26.1111821086262,28.28722958996305,export-AeroSURE-024-1d.xlsx
484,2022-12-16 07:00:00,Asia/Bangkok,79.07362308094793,29.25452196382429,26.86511777992901,27.98987337338275,export-AeroSURE-024-1d.xlsx
485,2022-12-17 07:00:00,Asia/Bangkok,79.31260511506584,30.61005478569126,28.1916881443299,28.57490606627797,export-AeroSURE-024-1d.xlsx
486,2022-12-18 07:00:00,Asia/Bangkok,81.31572226113676,26.66015374759769,23.80352,27.71582651505833,export-AeroSURE-024-1d.xlsx
487,2022-12-19 07:00:00,Asia/Bangkok,86.89246738769225,14.11347517730496,12.50966494845361,25.45508648615381,export-AeroSURE-024-1d.xlsx
488,2022-12-20 07:00:00,Asia/Bangkok,79.04084807468617,19.28793774319066,17.45687418936446,26.70975523270067,export-AeroSURE-024-1d.xlsx
489,2022-12-21 07:00:00,Asia/Bangkok,79.03696056389825,25.9554201411161,23.78923766816143,27.35679568056408,export-AeroSURE-024-1d.xlsx
490,2022-12-22 07:00:00,Asia/Bangkok,77.8326814347158,39.62831286360698,34.09340659340659,28.21826450492007,export-AeroSURE-024-1d.xlsx
491,2022-12-23 07:00:00,Asia/Bangkok,75.2164333150015,35.29661558109834,30.91677295918367,28.42807511165501,export-AeroSURE-024-1d.xlsx
492,2022-12-24 07:00:00,Asia/Bangkok,76.49040606153874,26.74943856272056,24.28859705317105,28.54568362573118,export-AeroSURE-024-1d.xlsx
493,2022-12-25 07:00:00,Asia/Bangkok,71.6452761585553,34.72805564756542,30.39126117179742,28.19460983471071,export-AeroSURE-024-1d.xlsx
494,2022-12-26 07:00:00,Asia/Bangkok,71.24259034282224,27.81070496083551,25.01662320730117,27.74409037649204,export-AeroSURE-024-1d.xlsx
495,2022-12-27 07:00:00,Asia/Bangkok,73.95443276556779,25.703261220536,23.55842479018722,27.29561391264511,export-AeroSURE-024-1d.xlsx
496,2022-12-28 07:00:00,Asia/Bangkok,70.5607765456782,29.55070603337612,26.87371794871795,27.69826537561576,export-AeroSURE-024-1d.xlsx
497,2022-12-29 07:00:00,Asia/Bangkok,73.37390728891629,30.45228081527014,27.60420032310178,27.33242247235861,export-AeroSURE-024-1d.xlsx
498,2022-12-30 07:00:00,Asia/Bangkok,74.37961442655933,29.42379958246347,26.90605427974948,26.46262670020118,export-AeroSURE-024-1d.xlsx
